age,ODL(Optical Density of Luminescence)
0.0,1.10168
47.581,1.10125
95.162,1.10083
142.743,1.10041
190.324,1.09999
237.905,1.0983
285.486,1.09591
333.067,1.09353
380.648,1.09114
428.229,1.08805
475.81,1.08328
523.391,1.07851
570.972,1.07374
618.553,1.06897
666.134,1.06539
713.715,1.06189
761.296,1.05838
808.877,1.05487
856.458,1.05136
904.039,1.04785
951.62,1.04435
999.201,1.04084
1046.78,1.03705
1094.36,1.03242
1141.94,1.02779
1189.52,1.02316
1237.1,1.01853
1284.68,1.0144
1332.26,1.01034
1379.84,1.00627
1427.43,1.0022
1475.01,0.997796
1522.59,0.993113
1570.17,0.988431
1617.75,0.983748
1665.33,0.97922
1712.91,0.975312
1760.49,0.971404
1808.07,0.967496
1855.65,0.963588
1903.23,0.959875
1950.82,0.956197
1998.4,0.952519
2045.98,0.948841
2093.56,0.944933
2141.14,0.940795
2188.72,0.936657
2236.3,0.93252
2283.88,0.928691
2331.46,0.926622
2379.04,0.924553
2426.62,0.922484
2474.21,0.920415
2521.79,0.917795
2569.37,0.915036
2616.95,0.912278
2664.53,0.909519
2712.11,0.906864
2759.69,0.904335
2807.27,0.901806
2854.85,0.899278
2902.43,0.896954
2950.01,0.896494
2997.59,0.896035
3045.18,0.895575
3092.76,0.895115
3140.34,0.894139
3187.92,0.892989
3235.5,0.89184
3283.08,0.89069
3330.66,0.889725
3378.24,0.889035
3425.82,0.888345
3473.4,0.887656
3520.98,0.887011
3568.56,0.887241
3616.14,0.887471
3663.73,0.887701
3711.31,0.887931
3758.89,0.88816
3806.47,0.88839
3854.05,0.88862
3901.63,0.88885
3949.21,0.88924
3996.79,0.88993
4044.37,0.89062
4091.95,0.891309
4139.54,0.891999
4187.12,0.893607
4234.7,0.895216
4282.28,0.896825
4329.86,0.898435
4377.44,0.900044
4425.02,0.901653
4472.6,0.903262
4520.18,0.904871
4567.76,0.906755
4615.34,0.909284
4662.92,0.911813
4710.5,0.914341
4758.08,0.91687
4805.66,0.918744
4853.24,0.920584
4900.82,0.922423
4948.41,0.924262
4995.99,0.926651
5043.57,0.92941
5091.15,0.932168
5138.73,0.934927
5186.31,0.937628
5233.89,0.940157
5281.47,0.942686
5329.05,0.945214
5376.63,0.947743
5424.21,0.948619
5471.79,0.949309
5519.37,0.949999
5566.95,0.950688
5614.53,0.952765
5662.11,0.955983
5709.69,0.959202
5757.27,0.96242
5804.86,0.965638
5852.44,0.968857
5900.02,0.972075
5947.6,0.975293
5995.18,0.978512
6042.76,0.9829
6090.34,0.987498
6137.92,0.992095
6185.5,0.996693
6233.08,1.00153
6280.66,1.00661
6328.24,1.0117
6375.82,1.01678
6423.4,1.0218
6470.98,1.02643
6518.56,1.03106
6566.14,1.03569
6613.72,1.04032
6661.31,1.04529
6708.89,1.05034
6756.47,1.05539
6804.05,1.06044
6851.63,1.06517
6899.21,1.06952
6946.79,1.07387
6994.37,1.07822
7041.95,1.08246
7089.53,1.08569
7137.11,1.08892
7184.69,1.09214
7232.27,1.09537
7279.85,1.09965
7327.43,1.10428
7375.01,1.10891
7422.59,1.11354
7470.18,1.11755
7517.76,1.12064
7565.34,1.12373
7612.92,1.12682
7660.5,1.12993
7708.08,1.13358
7755.66,1.13723
7803.24,1.14087
7850.82,1.14452
7898.4,1.14758
7945.98,1.15039
7993.56,1.1532
8041.14,1.156
8088.72,1.15842
8136.3,1.1601
8183.88,1.16179
8231.47,1.16347
8279.05,1.16515
8326.63,1.16572
8374.21,1.16628
8421.79,1.16684
8469.37,1.1674
8516.95,1.16705
8564.53,1.16621
8612.11,1.16537
8659.69,1.16453
8707.27,1.16364
8754.85,1.16266
8802.43,1.16168
8850.01,1.1607
8897.59,1.15972
8945.17,1.15661
8992.75,1.15338
9040.33,1.15015
9087.91,1.14692
9135.49,1.14361
9183.07,1.14025
9230.65,1.13688
9278.23,1.13351
9325.81,1.13049
9373.39,1.12853
9420.97,1.12656
9468.55,1.1246
9516.13,1.12264
9563.71,1.12017
9611.29,1.11764
9658.87,1.11512
9706.45,1.11259
9754.03,1.11045
9801.61,1.10862
9849.19,1.1068
9896.77,1.10498
9944.35,1.10316
9991.93,1.10133
10039.5,1.0995
10087.0,1.09768
10134.6,1.09585
10182.2,1.09593
10229.8,1.09635
10277.4,1.09677
10324.9,1.09719
10372.5,1.0972
10420.1,1.09678
10467.7,1.09636
10515.3,1.09593
10562.8,1.09551
10610.4,1.09509
10658.0,1.09467
10705.6,1.09425
10753.2,1.09383
10800.7,1.09375
10848.3,1.09375
10895.9,1.09375
10943.5,1.09375
10991.1,1.0928
11038.6,1.0907
11086.2,1.08859
11133.8,1.08649
11181.4,1.08452
11229.0,1.08382
11276.5,1.08312
11324.1,1.08241
11371.7,1.08171
11419.3,1.08049
11466.9,1.07909
11514.4,1.07768
11562.0,1.07628
11609.6,1.07449
11657.2,1.0721
11704.8,1.06972
11752.3,1.06733
11799.9,1.06489
11847.5,1.06139
11895.1,1.05788
11942.7,1.05437
11990.2,1.05086
12037.8,1.04823
12085.4,1.04599
12133.0,1.04374
12180.6,1.0415
12228.1,1.0393
12275.7,1.0372
12323.3,1.03509
12370.9,1.03299
12418.5,1.03088
12466.0,1.02836
12513.6,1.02584
12561.2,1.02331
12608.8,1.02079
12656.4,1.01835
12703.9,1.01597
12751.5,1.01358
12799.1,1.0112
12846.7,1.0091
12894.3,1.0077
12941.8,1.0063
12989.4,1.00489
13037.0,1.00349
13084.6,1.00395
13132.2,1.00451
13179.7,1.00507
13227.3,1.00563
13274.9,1.00678
13322.5,1.00832
13370.1,1.00986
13417.7,1.0114
13465.2,1.01326
13512.8,1.01606
13560.4,1.01887
13608.0,1.02168
13655.6,1.02448
13703.1,1.02792
13750.7,1.03143
13798.3,1.03493
13845.9,1.03844
13893.5,1.04241
13941.0,1.04676
13988.6,1.05111
14036.2,1.05546
14083.8,1.05995
14131.4,1.065
14178.9,1.07005
14226.5,1.0751
14274.1,1.08015
14321.7,1.08413
14369.3,1.08792
14416.8,1.09171
14464.4,1.0955
14512.0,1.09921
14559.6,1.10286
14607.2,1.10651
14654.7,1.11016
14702.3,1.1135
14749.9,1.11504
14797.5,1.11659
14845.1,1.11813
14892.6,1.11968
14940.2,1.12022
14987.8,1.1205
15035.4,1.12078
15083.0,1.12106
15130.5,1.12078
15178.1,1.11979
15225.7,1.11881
15273.3,1.11782
15320.9,1.11661
15368.4,1.11324
15416.0,1.10988
15463.6,1.10651
15511.2,1.10314
15558.8,1.09737
15606.3,1.09078
15653.9,1.08419
15701.5,1.07759
15749.1,1.07045
15796.7,1.06245
15844.2,1.05445
15891.8,1.04646
15939.4,1.0384
15987.0,1.02901
16034.6,1.01962
16082.1,1.01023
16129.7,1.00085
16177.3,0.991598
16224.9,0.982403
16272.5,0.973209
16320.0,0.964014
16367.6,0.955615
16415.2,0.948719
16462.8,0.941823
16510.4,0.934927
16557.9,0.928032
16605.5,0.92228
16653.1,0.916533
16700.7,0.910787
16748.3,0.90504
16795.8,0.901666
16843.4,0.899597
16891.0,0.897528
16938.6,0.895459
16986.2,0.893932
17033.7,0.893702
17081.3,0.893472
17128.9,0.893242
17176.5,0.893012
17224.1,0.894522
17271.6,0.896131
17319.2,0.89774
17366.8,0.899349
17414.4,0.901506
17462.0,0.904034
17509.5,0.906563
17557.1,0.909091
17604.7,0.911338
17652.3,0.912717
17699.9,0.914096
17747.4,0.915475
17795.0,0.916854
17842.6,0.918645
17890.2,0.920484
17937.8,0.922323
17985.3,0.924162
18032.9,0.926376
18080.5,0.928906
18128.1,0.931436
18175.7,0.933965
18223.2,0.93627
18270.8,0.937649
18318.4,0.939028
18366.0,0.940407
18413.6,0.941786
18461.1,0.943554
18508.7,0.945393
18556.3,0.947232
18603.9,0.949071
18651.5,0.951819
18699.0,0.955497
18746.6,0.959175
18794.2,0.962853
18841.8,0.966763
18889.4,0.972049
18936.9,0.977336
18984.5,0.982623
19032.1,0.98791
19079.7,0.992523
19127.3,0.996961
19174.8,1.0014
19222.4,1.00583
19270.0,1.00998
19317.6,1.01377
19365.2,1.01756
19412.7,1.02135
19460.3,1.025
19507.9,1.02739
19555.5,1.02977
19603.1,1.03216
19650.6,1.03455
19698.2,1.03474
19745.8,1.03417
19793.4,1.03361
19841.0,1.03305
19888.5,1.03127
19936.1,1.02762
19983.7,1.02398
20031.3,1.02033
20078.9,1.01665
20126.4,1.01208
20174.0,1.00752
20221.6,1.00295
20269.2,0.998391
20316.8,0.994923
20364.3,0.991934
20411.9,0.988946
20459.5,0.985958
20507.1,0.982574
20554.7,0.978436
20602.2,0.974299
20649.8,0.970161
20697.4,0.966024
20745.0,0.9628
20792.6,0.959582
20840.1,0.956364
20887.7,0.953146
20935.3,0.95052
20982.9,0.948222
21030.5,0.945923
21078.0,0.943624
21125.6,0.941798
21173.2,0.941108
21220.8,0.940418
21268.4,0.939728
21315.9,0.939038
21363.5,0.938782
21411.1,0.938553
21458.7,0.938323
21506.3,0.938093
21553.8,0.937453
21601.4,0.936534
21649.0,0.935614
21696.6,0.934695
21744.2,0.933944
21791.7,0.933714
21839.3,0.933484
21886.9,0.933254
21934.5,0.933024
21982.1,0.933
22029.7,0.933
22077.2,0.933
22124.8,0.933
22172.4,0.933
22220.0,0.933
22267.5,0.933
22315.1,0.933
22362.7,0.932821
22410.3,0.931901
22457.9,0.930982
22505.5,0.930062
22553.0,0.929143
22600.6,0.929388
22648.2,0.929848
22695.8,0.930307
22743.3,0.930767
22790.9,0.931681
22838.5,0.93306
22886.1,0.934439
22933.7,0.935818
22981.3,0.937329
23028.8,0.939627
23076.4,0.941926
23124.0,0.944225
23171.6,0.946523
23219.2,0.948093
23266.7,0.949473
23314.3,0.950853
23361.9,0.952233
23409.5,0.954021
23457.1,0.95632
23504.6,0.958618
23552.2,0.960917
23599.8,0.963323
23647.4,0.966771
23695.0,0.970219
23742.5,0.973667
23790.1,0.977115
23837.7,0.979367
23885.3,0.981206
23932.9,0.983044
23980.4,0.984883
24028.0,0.986722
24075.6,0.988561
24123.2,0.9904
24170.8,0.992239
24218.3,0.994145
24265.9,0.997574
24313.5,1.001
24361.1,1.00443
24408.7,1.00786
24456.2,1.01134
24503.8,1.01485
24551.4,1.01836
24599.0,1.02186
24646.6,1.02479
24694.1,1.02661
24741.7,1.02844
24789.3,1.03026
24836.9,1.03208
24884.5,1.03182
24932.0,1.03154
24979.6,1.03126
25027.2,1.03098
25074.8,1.03043
25122.4,1.02972
25169.9,1.02902
25217.5,1.02832
25265.1,1.02717
25312.7,1.02493
25360.3,1.02268
25407.8,1.02044
25455.4,1.01819
25503.0,1.01489
25550.6,1.01152
25598.2,1.00815
25645.7,1.00479
25693.3,1.00199
25740.9,0.999604
25788.5,0.997209
25836.1,0.994814
25883.6,0.992163
25931.2,0.988715
25978.8,0.985267
26026.4,0.981819
26074.0,0.978371
26121.5,0.975744
26169.1,0.973215
26216.7,0.970687
26264.3,0.968158
26311.9,0.966626
26359.4,0.965936
26407.0,0.965246
26454.6,0.964556
26502.2,0.964089
26549.8,0.964548
26597.3,0.965008
26644.9,0.965468
26692.5,0.965928
26740.1,0.964837
26787.7,0.963458
26835.2,0.962079
26882.8,0.9607
26930.4,0.96
26978.0,0.96
27025.6,0.96
27073.1,0.96
27120.7,0.96
27168.3,0.96
27215.9,0.96
27263.5,0.96
27311.0,0.96
27358.6,0.959272
27406.2,0.958352
27453.8,0.957432
27501.4,0.956512
27548.9,0.95437
27596.5,0.950692
27644.1,0.947015
27691.7,0.943337
27739.3,0.939915
27786.8,0.938995
27834.4,0.938076
27882.0,0.937156
27929.6,0.936237
27977.2,0.935147
28024.7,0.933998
28072.3,0.932848
28119.9,0.931699
28167.5,0.93073
28215.1,0.93004
28262.6,0.92935
28310.2,0.928661
28357.8,0.928038
28405.4,0.928958
28453.0,0.929877
28500.5,0.930797
28548.1,0.931717
28595.7,0.933115
28643.3,0.934724
28690.9,0.936333
28738.4,0.937942
28786.0,0.940574
28833.6,0.945171
28881.2,0.949768
28928.8,0.954365
28976.3,0.958962
29023.9,0.962192
29071.5,0.96541
29119.1,0.968628
29166.7,0.971846
29214.2,0.974916
29261.8,0.977904
29309.4,0.980893
29357.0,0.983881
29404.6,0.986803
29452.1,0.989562
29499.7,0.992322
29547.3,0.995081
29594.9,0.997841
29642.5,0.999835
29690.0,1.00178
29737.6,1.00372
29785.2,1.00567
29832.8,1.00705
29880.4,1.00803
29927.9,1.00901
29975.5,1.00999
30023.1,1.01084
30070.7,1.01126
30118.3,1.01168
30165.8,1.0121
30213.4,1.01252
30261.0,1.01282
30308.6,1.0131
30356.2,1.01338
30403.7,1.01366
30451.3,1.01371
30498.9,1.01357
30546.5,1.01343
30594.1,1.01329
30641.6,1.01309
30689.2,1.01267
30736.8,1.01225
30784.4,1.01183
30832.0,1.01141
30879.5,1.01005
30927.1,1.0085
30974.7,1.00696
31022.3,1.00542
31069.9,1.00457
31117.4,1.00443
31165.0,1.00429
31212.6,1.00415
31260.2,1.00408
31307.8,1.00451
31355.3,1.00493
31402.9,1.00535
31450.5,1.00577
31498.1,1.00663
31545.7,1.00761
31593.2,1.0086
31640.8,1.00958
31688.4,1.01037
31736.0,1.01093
31783.6,1.0115
31831.1,1.01206
31878.7,1.01257
31926.3,1.01257
31973.9,1.01257
32021.5,1.01257
32069.0,1.01257
32116.6,1.01402
32164.2,1.01599
32211.8,1.01795
32259.4,1.01992
32306.9,1.02155
32354.5,1.02268
32402.1,1.0238
32449.7,1.02492
32497.3,1.02601
32544.8,1.02629
32592.4,1.02657
32640.0,1.02685
32687.6,1.02713
32735.2,1.02741
32782.8,1.02769
32830.3,1.02797
32877.9,1.02825
32925.5,1.02882
32973.1,1.02994
33020.7,1.03107
33068.2,1.03219
33115.8,1.03332
33163.4,1.03444
33211.0,1.03556
33258.5,1.03668
33306.1,1.0378
33353.7,1.03812
33401.3,1.03798
33448.9,1.03784
33496.4,1.0377
33544.0,1.0376
33591.6,1.0376
33639.2,1.0376
33686.7,1.0376
33734.3,1.0376
33781.9,1.03707
33829.5,1.03651
33877.1,1.03595
33924.6,1.03539
33972.2,1.03491
34019.8,1.03449
34067.4,1.03407
34114.9,1.03365
34162.5,1.03289
34210.1,1.03106
34257.7,1.02924
34305.3,1.02741
34352.8,1.02559
34400.4,1.02526
34448.0,1.02512
34495.6,1.02498
34543.2,1.02484
34590.7,1.02394
34638.3,1.0224
34685.9,1.02086
34733.5,1.01931
34781.0,1.01796
34828.6,1.01739
34876.2,1.01683
34923.8,1.01627
34971.4,1.01571
35018.9,1.01361
35066.5,1.01123
35114.1,1.00884
35161.7,1.00646
35209.2,1.00454
35256.8,1.0031
35304.4,1.00167
35352.0,1.00023
35399.6,0.998582
35447.1,0.995594
35494.7,0.992606
35542.3,0.989618
35589.9,0.98663
35637.4,0.982914
35685.0,0.979005
35732.6,0.975096
35780.2,0.971186
35827.8,0.966568
35875.3,0.961052
35922.9,0.955535
35970.5,0.950018
36018.1,0.944481
36065.7,0.938734
36113.2,0.932988
36160.8,0.927241
36208.4,0.921495
36256.0,0.915068
36303.5,0.908402
36351.1,0.901736
36398.7,0.89507
36446.3,0.888583
36493.9,0.882377
36541.4,0.876171
36589.0,0.869965
36636.6,0.863785
36684.2,0.858266
36731.7,0.852747
36779.3,0.847227
36826.9,0.841708
36874.5,0.837778
36922.1,0.83456
36969.6,0.831342
37017.2,0.828124
37064.8,0.825062
37112.4,0.822303
37159.9,0.819545
37207.5,0.816787
37255.1,0.814029
37302.7,0.812407
37350.3,0.810799
37397.8,0.809189
37445.4,0.807581
37493.0,0.807441
37540.6,0.80813
37588.2,0.80882
37635.7,0.809509
37683.3,0.810531
37730.9,0.812371
37778.5,0.81421
37826.0,0.81605
37873.6,0.81789
37921.2,0.820593
37968.8,0.823352
38016.4,0.82611
38063.9,0.828868
38111.5,0.832033
38159.1,0.835481
38206.7,0.838929
38254.2,0.842377
38301.8,0.845935
38349.4,0.849843
38397.0,0.85375
38444.6,0.857658
38492.1,0.861565
38539.7,0.868537
38587.3,0.875893
38634.9,0.883248
38682.4,0.890604
38730.0,0.897466
38777.6,0.903905
38825.2,0.910344
38872.8,0.916784
38920.3,0.923004
38967.9,0.928291
39015.5,0.933577
39063.1,0.938864
39110.7,0.944151
39158.2,0.950788
39205.8,0.957684
39253.4,0.96458
39301.0,0.971476
39348.5,0.978057
39396.1,0.984309
39443.7,0.990561
39491.3,0.996813
39538.9,1.00282
39586.4,1.00731
39634.0,1.0118
39681.6,1.01628
39729.2,1.02077
39776.7,1.02493
39824.3,1.029
39871.9,1.03307
39919.5,1.03714
39967.1,1.04109
40014.6,1.04488
40062.2,1.04867
40109.8,1.05246
40157.4,1.05609
40204.9,1.0582
40252.5,1.0603
40300.1,1.0624
40347.7,1.06451
40395.3,1.0662
40442.8,1.06774
40490.4,1.06929
40538.0,1.07083
40585.6,1.07156
40633.2,1.071
40680.7,1.07044
40728.3,1.06988
40775.9,1.06929
40823.5,1.06802
40871.0,1.06676
40918.6,1.06549
40966.2,1.06423
41013.8,1.06151
41061.4,1.05815
41108.9,1.05478
41156.5,1.05141
41204.1,1.04819
41251.7,1.04524
41299.2,1.0423
41346.8,1.03935
41394.4,1.03641
41442.0,1.03319
41489.6,1.02996
41537.1,1.02673
41584.7,1.0235
41632.3,1.01938
41679.9,1.01475
41727.4,1.01012
41775.0,1.00549
41822.6,1.00119
41870.2,0.997699
41917.8,0.994204
41965.3,0.990708
42012.9,0.987213
42060.5,0.983762
42108.1,0.980314
42155.6,0.976866
42203.2,0.973418
42250.8,0.970376
42298.4,0.967618
42346.0,0.96486
42393.5,0.962101
42441.1,0.958905
42488.7,0.954308
42536.3,0.949711
42583.8,0.945114
42631.4,0.940516
42679.0,0.936327
42726.6,0.93219
42774.2,0.928052
42821.7,0.923915
42869.3,0.919653
42916.9,0.915283
42964.5,0.910914
43012.1,0.906544
43059.6,0.902219
43107.2,0.898081
43154.8,0.893944
43202.4,0.889806
43249.9,0.885669
43297.5,0.883265
43345.1,0.881197
43392.7,0.879128
43440.3,0.877059
43487.8,0.874991
43535.4,0.872922
43583.0,0.870853
43630.6,0.868784
43678.1,0.867063
43725.7,0.867523
43773.3,0.867982
43820.9,0.868442
43868.5,0.868902
43916.0,0.869724
43963.6,0.870643
44011.2,0.871563
44058.8,0.872483
44106.4,0.873604
44153.9,0.874984
44201.5,0.876363
44249.1,0.877742
44296.7,0.879263
44344.2,0.882251
44391.8,0.885239
44439.4,0.888227
44487.0,0.891215
44534.6,0.894543
44582.1,0.89799
44629.7,0.901438
44677.3,0.904886
44724.9,0.908779
44772.4,0.913376
44820.0,0.917973
44867.6,0.922571
44915.2,0.927101
44962.8,0.92986
45010.3,0.93262
45057.9,0.93538
45105.5,0.938139
45153.1,0.941214
45200.7,0.944432
45248.2,0.94765
45295.8,0.950868
45343.4,0.954009
45391.0,0.956997
45438.5,0.959985
45486.1,0.962974
45533.7,0.965962
45581.3,0.967588
45628.9,0.969197
45676.4,0.970806
45724.0,0.972415
45771.6,0.972707
45819.2,0.972247
45866.7,0.971788
45914.3,0.971328
45961.9,0.970473
46009.5,0.968633
46057.1,0.966794
46104.6,0.964954
46152.2,0.963114
46199.8,0.961275
46247.4,0.959436
46294.9,0.957597
46342.5,0.955758
46390.1,0.953515
46437.7,0.950986
46485.3,0.948458
46532.8,0.945929
46580.4,0.943128
46628.0,0.939451
46675.6,0.935773
46723.1,0.932095
46770.7,0.928417
46818.3,0.924536
46865.9,0.920628
46913.5,0.91672
46961.0,0.912813
47008.6,0.909151
47056.2,0.905701
47103.8,0.902252
47151.4,0.898802
47198.9,0.895784
47246.5,0.894635
47294.1,0.893486
47341.7,0.892336
47389.2,0.891187
47436.8,0.890807
47484.4,0.890578
47532.0,0.890348
47579.6,0.890118
47627.1,0.890223
47674.7,0.890683
47722.3,0.891143
47769.9,0.891603
47817.4,0.89225
47865.0,0.894089
47912.6,0.895928
47960.2,0.897767
48007.8,0.899606
48055.3,0.902891
48102.9,0.90657
48150.5,0.91025
48198.1,0.91393
48245.6,0.91791
48293.2,0.922277
48340.8,0.926644
48388.4,0.931012
48436.0,0.935239
48483.5,0.937998
48531.1,0.940756
48578.7,0.943514
48626.3,0.946273
48673.9,0.949708
48721.4,0.953386
48769.0,0.957064
48816.6,0.960741
48864.2,0.964242
48911.7,0.96746
48959.3,0.970678
49006.9,0.973896
49054.5,0.97713
49102.1,0.98081
49149.6,0.984489
49197.2,0.988169
49244.8,0.991848
49292.4,0.995898
49339.9,1.00011
49387.5,1.00433
49435.1,1.00855
49482.7,1.01319
49530.3,1.01866
49577.8,1.02413
49625.4,1.02961
49673.0,1.03508
49720.6,1.03972
49768.1,1.04435
49815.7,1.04898
49863.3,1.05361
49910.9,1.05842
49958.5,1.06333
50006.0,1.06824
50053.6,1.07315
50101.2,1.0779
50148.8,1.08225
50196.4,1.0866
50243.9,1.09095
50291.5,1.0953
50339.1,1.09991
50386.7,1.10454
50434.2,1.10917
50481.8,1.1138
50529.4,1.11835
50577.0,1.12284
50624.6,1.12733
50672.1,1.13182
50719.7,1.13611
50767.3,1.13975
50814.9,1.1434
50862.4,1.14705
50910.0,1.1507
50957.6,1.15385
51005.2,1.15694
51052.8,1.16002
51100.3,1.16311
51147.9,1.16635
51195.5,1.16972
51243.1,1.17309
51290.6,1.17645
51338.2,1.17993
51385.8,1.18386
51433.4,1.18778
51481.0,1.19171
51528.5,1.19564
51576.1,1.19734
51623.7,1.1986
51671.3,1.19986
51718.9,1.20113
51766.4,1.20212
51814.0,1.20282
51861.6,1.20352
51909.2,1.20422
51956.7,1.20492
52004.3,1.20562
52051.9,1.20633
52099.5,1.20703
52147.1,1.20773
52194.6,1.208
52242.2,1.20814
52289.8,1.20828
52337.4,1.20842
52384.9,1.20862
52432.5,1.2089
52480.1,1.20918
52527.7,1.20946
52575.3,1.20967
52622.8,1.20911
52670.4,1.20855
52718.0,1.20798
52765.6,1.20742
52813.2,1.20758
52860.7,1.20801
52908.3,1.20843
52955.9,1.20885
53003.5,1.20905
53051.0,1.20891
53098.6,1.20877
53146.2,1.20863
53193.8,1.20846
53241.4,1.20748
53288.9,1.20649
53336.5,1.20551
53384.1,1.20452
53431.7,1.20373
53479.2,1.20303
53526.8,1.20233
53574.4,1.20163
53622.0,1.20112
53669.6,1.20098
53717.1,1.20084
53764.7,1.2007
53812.3,1.20056
53859.9,1.19931
53907.4,1.19805
53955.0,1.19679
54002.6,1.19553
54050.2,1.19453
54097.8,1.19369
54145.3,1.19285
54192.9,1.19201
54240.5,1.19077
54288.1,1.18852
54335.6,1.18627
54383.2,1.18403
54430.8,1.18178
54478.4,1.17967
54526.0,1.17756
54573.5,1.17546
54621.1,1.17336
54668.7,1.17109
54716.3,1.1687
54763.9,1.16632
54811.4,1.16393
54859.0,1.16207
54906.6,1.16193
54954.2,1.16179
55001.7,1.16165
55049.3,1.16151
55096.9,1.15889
55144.5,1.15594
55192.1,1.153
55239.6,1.15005
55287.2,1.14718
55334.8,1.14437
55382.4,1.14156
55429.9,1.13875
55477.5,1.13595
55525.1,1.13314
55572.7,1.13034
55620.3,1.12753
55667.8,1.12473
55715.4,1.12321
55763.0,1.12195
55810.6,1.12068
55858.1,1.11942
55905.7,1.1172
55953.3,1.11398
56000.9,1.11075
56048.5,1.10753
56096.0,1.10436
56143.6,1.10155
56191.2,1.09875
56238.8,1.09594
56286.4,1.09313
56333.9,1.09099
56381.5,1.08902
56429.1,1.08705
56476.7,1.08509
56524.2,1.08324
56571.8,1.08156
56619.4,1.07988
56667.0,1.0782
56714.6,1.07654
56762.1,1.07513
56809.7,1.07373
56857.3,1.07233
56904.9,1.07093
56952.4,1.06911
57000.0,1.06715
57047.6,1.06518
57095.2,1.06322
57142.8,1.06217
57190.3,1.06259
57237.9,1.06301
57285.5,1.06343
57333.1,1.06381
57380.7,1.06297
57428.2,1.06212
57475.8,1.06128
57523.4,1.06044
57571.0,1.0596
57618.5,1.05876
57666.1,1.05792
57713.7,1.05708
57761.3,1.05642
57808.8,1.05614
57856.4,1.05586
57904.0,1.05558
57951.6,1.0553
57999.2,1.05461
58046.7,1.0539
58094.3,1.0532
58141.9,1.0525
58189.5,1.05162
58237.1,1.05064
58284.6,1.04965
58332.2,1.04867
58379.8,1.04773
58427.4,1.04689
58474.9,1.04604
58522.5,1.0452
58570.1,1.04436
58617.7,1.04417
58665.3,1.04403
58712.8,1.04389
58760.4,1.04375
58808.0,1.0432
58855.6,1.04236
58903.1,1.04152
58950.7,1.04068
58998.3,1.04013
59045.9,1.04055
59093.5,1.04098
59141.0,1.0414
59188.6,1.04182
59236.2,1.04162
59283.8,1.04134
59331.4,1.04106
59378.9,1.04078
59426.5,1.0402
59474.1,1.03936
59521.7,1.03851
59569.2,1.03767
59616.8,1.03699
59664.4,1.03699
59712.0,1.03699
59759.6,1.03699
59807.1,1.03699
59854.7,1.03605
59902.3,1.03492
59949.9,1.0338
59997.4,1.03268
60045.0,1.03223
60092.6,1.03252
60140.2,1.0328
60187.8,1.03308
60235.3,1.03316
60282.9,1.03189
60330.5,1.03063
60378.1,1.02937
60425.6,1.0281
60473.2,1.02815
60520.8,1.02858
60568.4,1.029
60616.0,1.02942
60663.5,1.02862
60711.1,1.02624
60758.7,1.02385
60806.3,1.02147
60853.9,1.01919
60901.4,1.01807
60949.0,1.01694
60996.6,1.01582
61044.2,1.0147
61091.7,1.01197
61139.3,1.00866
61186.9,1.00535
61234.5,1.00204
61282.1,0.997978
61329.6,0.992691
61377.2,0.987405
61424.8,0.982118
61472.4,0.976816
61519.9,0.971067
61567.5,0.965318
61615.1,0.959569
61662.7,0.953819
61710.3,0.947758
61757.8,0.941552
61805.4,0.935345
61853.0,0.929139
61900.6,0.923316
61948.1,0.918259
61995.7,0.913202
62043.3,0.908145
62090.9,0.903088
62138.5,0.898031
62186.0,0.892974
62233.6,0.887917
62281.2,0.88286
62328.8,0.878239
62376.4,0.873872
62423.9,0.869505
62471.5,0.865137
62519.1,0.86064
62566.7,0.85581
62614.2,0.850981
62661.8,0.846152
62709.4,0.841322
62757.0,0.837997
62804.6,0.834779
62852.1,0.83156
62899.7,0.828342
62947.3,0.825794
62994.9,0.823725
63042.4,0.821657
63090.0,0.819588
63137.6,0.817786
63185.2,0.816867
63232.8,0.815947
63280.3,0.815028
63327.9,0.814108
63375.5,0.813392
63423.1,0.812702
63470.6,0.812013
63518.2,0.811323
63565.8,0.811733
63613.4,0.813113
63661.0,0.814493
63708.5,0.815872
63756.1,0.817547
63803.7,0.820535
63851.3,0.823523
63898.9,0.826511
63946.4,0.829499
63994.0,0.831339
64041.6,0.832948
64089.2,0.834557
64136.7,0.836166
64184.3,0.83844
64231.9,0.841428
64279.5,0.844417
64327.1,0.847405
64374.6,0.850363
64422.2,0.853121
64469.8,0.855879
64517.4,0.858638
64564.9,0.861396
64612.5,0.863257
64660.1,0.864867
64707.7,0.866477
64755.3,0.868086
64802.8,0.869497
64850.4,0.870646
64898.0,0.871796
64945.6,0.872945
64993.2,0.874075
65040.7,0.874995
65088.3,0.875914
65135.9,0.876834
65183.5,0.877753
65231.0,0.878841
65278.6,0.87999
65326.2,0.881139
65373.8,0.882289
65421.4,0.883175
65468.9,0.883635
65516.5,0.884095
65564.1,0.884554
65611.7,0.885056
65659.3,0.886896
65706.8,0.888736
65754.4,0.890576
65802.0,0.892416
65849.6,0.893157
65897.2,0.893386
65944.7,0.893616
65992.3,0.893846
66039.9,0.894305
66087.5,0.895224
66135.0,0.896144
66182.6,0.897063
66230.2,0.897983
66277.8,0.899128
66325.4,0.900277
66372.9,0.901426
66420.5,0.902576
66468.1,0.90358
66515.7,0.904499
66563.3,0.905419
66610.8,0.906338
66658.4,0.907129
66706.0,0.907589
66753.6,0.908049
66801.1,0.908509
66848.7,0.908969
66896.3,0.909428
66943.9,0.909888
66991.5,0.910348
67039.0,0.910808
67086.6,0.911668
67134.2,0.912818
67181.8,0.913967
67229.3,0.915116
67276.9,0.916691
67324.5,0.919679
67372.1,0.922667
67419.7,0.925655
67467.2,0.928643
67514.8,0.930821
67562.4,0.93289
67610.0,0.934959
67657.5,0.937028
67705.1,0.940073
67752.7,0.943982
67800.3,0.947892
67847.9,0.951801
67895.4,0.955919
67943.0,0.960976
67990.6,0.966033
68038.2,0.97109
68085.7,0.976147
68133.3,0.982514
68180.9,0.989148
68228.5,0.995782
68276.1,1.00241
68323.6,1.00896
68371.2,1.01541
68418.8,1.02187
68466.4,1.02832
68514.0,1.03474
68561.5,1.04091
68609.1,1.04708
68656.7,1.05326
68704.3,1.05943
68751.8,1.06626
68799.4,1.07328
68847.0,1.0803
68894.6,1.08732
68942.2,1.09324
68989.7,1.09773
69037.3,1.10222
69084.9,1.10671
69132.5,1.11123
69180.0,1.11614
69227.6,1.12105
69275.2,1.12596
69322.8,1.13087
69370.4,1.13507
69417.9,1.13899
69465.5,1.14292
69513.1,1.14685
69560.7,1.15025
69608.3,1.15277
69655.8,1.1553
69703.4,1.15782
69751.0,1.16038
69798.6,1.16389
69846.1,1.1674
69893.7,1.17091
69941.3,1.17442
69988.9,1.17706
70036.5,1.17931
70084.0,1.18155
70131.6,1.18379
70179.2,1.18571
70226.8,1.18698
70274.3,1.18824
70321.9,1.18951
70369.5,1.19077
70417.1,1.19327
70464.7,1.19579
70512.2,1.19832
70559.8,1.20084
70607.4,1.20213
70655.0,1.20269
70702.5,1.20325
70750.1,1.20381
70797.7,1.20433
70845.3,1.20475
70892.9,1.20517
70940.4,1.2056
70988.0,1.20602
71035.6,1.20709
71083.2,1.20822
71130.8,1.20934
71178.3,1.21046
71225.9,1.21159
71273.5,1.21271
71321.1,1.21383
71368.6,1.21495
71416.2,1.21565
71463.8,1.21495
71511.4,1.21425
71559.0,1.21355
71606.5,1.21285
71654.1,1.2119
71701.7,1.21092
71749.3,1.20994
71796.8,1.20896
71844.4,1.2085
71892.0,1.2085
71939.6,1.2085
71987.2,1.2085
72034.7,1.20834
72082.3,1.2075
72129.9,1.20666
72177.5,1.20581
72225.0,1.20497
72272.6,1.20366
72320.2,1.20226
72367.8,1.20086
72415.4,1.19946
72462.9,1.19792
72510.5,1.19624
72558.1,1.19455
72605.7,1.19287
72653.2,1.19121
72700.8,1.18966
72748.4,1.18812
72796.0,1.18657
72843.6,1.18503
72891.1,1.1837
72938.7,1.18244
72986.3,1.18118
73033.9,1.17991
73081.5,1.17883
73129.0,1.17799
73176.6,1.17715
73224.2,1.17631
73271.8,1.17545
73319.3,1.17432
73366.9,1.1732
73414.5,1.17207
73462.1,1.17095
73509.7,1.16973
73557.2,1.16846
73604.8,1.1672
73652.4,1.16594
73700.0,1.16457
73747.5,1.16303
73795.1,1.16149
73842.7,1.15994
73890.3,1.15843
73937.9,1.15772
73985.4,1.15702
74033.0,1.15632
74080.6,1.15562
74128.2,1.15435
74175.7,1.1528
74223.3,1.15126
74270.9,1.14971
74318.5,1.14872
74366.1,1.14886
74413.6,1.149
74461.2,1.14914
74508.8,1.14928
74556.4,1.14887
74604.0,1.14845
74651.5,1.14803
74699.1,1.14761
74746.7,1.14746
74794.3,1.14746
74841.8,1.14746
74889.4,1.14746
74937.0,1.14773
74984.6,1.14871
75032.2,1.14969
75079.7,1.15067
75127.3,1.15166
75174.9,1.15094
75222.5,1.1501
75270.0,1.14926
75317.6,1.14842
75365.2,1.1475
75412.8,1.14652
75460.4,1.14553
75507.9,1.14455
75555.5,1.14367
75603.1,1.14311
75650.7,1.14255
75698.2,1.14198
75745.8,1.14142
75793.4,1.14111
75841.0,1.14083
75888.6,1.14055
75936.1,1.14027
75983.7,1.14014
76031.3,1.14014
76078.9,1.14014
76126.5,1.14014
76174.0,1.14003
76221.6,1.13947
76269.2,1.13891
76316.8,1.13835
76364.3,1.13779
76411.9,1.13897
76459.5,1.14052
76507.1,1.14206
76554.7,1.1436
76602.2,1.14461
76649.8,1.14503
76697.4,1.14545
76745.0,1.14587
76792.5,1.14634
76840.1,1.14718
76887.7,1.14803
76935.3,1.14887
76982.9,1.14971
77030.4,1.15
77078.0,1.15014
77125.6,1.15029
77173.2,1.15043
77220.7,1.15051
77268.3,1.15051
77315.9,1.15051
77363.5,1.15051
77411.1,1.15065
77458.6,1.15247
77506.2,1.1543
77553.8,1.15612
77601.4,1.15795
77649.0,1.15875
77696.5,1.15917
77744.1,1.15959
77791.7,1.16001
77839.3,1.1607
77886.8,1.16182
77934.4,1.16294
77982.0,1.16406
78029.6,1.16516
78077.2,1.1653
78124.7,1.16544
78172.3,1.16558
78219.9,1.16572
78267.5,1.16615
78315.0,1.16671
78362.6,1.16727
78410.2,1.16783
78457.8,1.16816
78505.4,1.16802
78552.9,1.16788
78600.5,1.16774
78648.1,1.1676
78695.7,1.16814
78743.3,1.1687
78790.8,1.16927
78838.4,1.16983
78886.0,1.171
78933.6,1.17255
78981.1,1.17409
79028.7,1.17564
79076.3,1.17672
79123.9,1.17658
79171.5,1.17644
79219.0,1.1763
79266.6,1.17616
79314.2,1.1751
79361.8,1.17398
79409.3,1.17285
79456.9,1.17173
79504.5,1.1715
79552.1,1.17192
79599.7,1.17235
79647.2,1.17277
79694.8,1.17316
79742.4,1.17344
79790.0,1.17372
79837.5,1.174
79885.1,1.17428
79932.7,1.17419
79980.3,1.17405
80027.9,1.17391
80075.4,1.17377
80123.0,1.17311
80170.6,1.17199
80218.2,1.17086
80265.7,1.16974
80313.3,1.16867
80360.9,1.16782
80408.5,1.16698
80456.1,1.16614
80503.6,1.1653
80551.2,1.16458
80598.8,1.16387
80646.4,1.16317
80693.9,1.16247
80741.5,1.16117
80789.1,1.1592
80836.7,1.15724
80884.3,1.15527
80931.8,1.15329
80979.4,1.15119
81027.0,1.14908
81074.6,1.14698
81122.2,1.14488
81169.7,1.14386
81217.3,1.14316
81264.9,1.14246
81312.5,1.14176
81360.0,1.14106
81407.6,1.14035
81455.2,1.13965
81502.8,1.13895
81550.4,1.13829
81597.9,1.13815
81645.5,1.13801
81693.1,1.13787
81740.7,1.13773
81788.3,1.13759
81835.8,1.13745
81883.4,1.13731
81931.0,1.13716
81978.6,1.13702
82026.1,1.13688
82073.7,1.13674
82121.3,1.1366
82168.9,1.13646
82216.5,1.13618
82264.0,1.1359
82311.6,1.13562
82359.2,1.13534
82406.8,1.13629
82454.3,1.13784
82501.9,1.13938
82549.5,1.14093
82597.1,1.1421
82644.7,1.14252
82692.2,1.14294
82739.8,1.14337
82787.4,1.14379
82835.0,1.14475
82882.5,1.14574
82930.1,1.14672
82977.7,1.1477
83025.3,1.14938
83072.9,1.15149
83120.4,1.1536
83168.0,1.1557
83215.6,1.15761
83263.2,1.15902
83310.7,1.16042
83358.3,1.16182
83405.9,1.16322
83453.5,1.16411
83501.1,1.16495
83548.6,1.16579
83596.2,1.16663
83643.8,1.16788
83691.4,1.16942
83739.0,1.17097
83786.5,1.17251
83834.1,1.17402
83881.7,1.17543
83929.3,1.17683
83976.8,1.17823
84024.4,1.17963
84072.0,1.1803
84119.6,1.18086
84167.2,1.18142
84214.7,1.18198
84262.3,1.18225
84309.9,1.18225
84357.5,1.18225
84405.0,1.18225
84452.6,1.18215
84500.2,1.18159
84547.8,1.18102
84595.4,1.18046
84642.9,1.1799
84690.5,1.17911
84738.1,1.17827
84785.7,1.17743
84833.2,1.17659
84880.8,1.17561
84928.4,1.17449
84976.0,1.17336
85023.6,1.17224
85071.1,1.17122
85118.7,1.17094
85166.3,1.17066
85213.9,1.17038
85261.4,1.1701
85309.0,1.16873
85356.6,1.16705
85404.2,1.16536
85451.8,1.16368
85499.3,1.16307
85546.9,1.16392
85594.5,1.16476
85642.1,1.1656
85689.7,1.16639
85737.2,1.16653
85784.8,1.16667
85832.4,1.16681
85880.0,1.16695
85927.5,1.16749
85975.1,1.1682
86022.7,1.1689
86070.3,1.1696
86117.9,1.17004
86165.4,1.17004
86213.0,1.17004
86260.6,1.17004
86308.2,1.17
86355.8,1.16845
86403.3,1.16691
86450.9,1.16537
86498.5,1.16382
86546.1,1.1638
86593.6,1.1645
86641.2,1.1652
86688.8,1.1659
86736.4,1.16633
86784.0,1.16619
86831.5,1.16605
86879.1,1.16591
86926.7,1.16577
86974.3,1.16549
87021.8,1.16521
87069.4,1.16493
87117.0,1.16465
87164.6,1.16551
87212.2,1.16705
87259.7,1.16859
87307.3,1.17014
87354.9,1.17137
87402.5,1.1718
87450.0,1.17222
87497.6,1.17264
87545.2,1.17306
87592.8,1.17478
87640.4,1.17661
87687.9,1.17843
87735.5,1.18025
87783.1,1.18191
87830.7,1.18346
87878.2,1.185
87925.8,1.18654
87973.4,1.18812
88021.0,1.1898
88068.6,1.19148
88116.1,1.19317
88163.7,1.19485
88211.3,1.19605
88258.9,1.19717
88306.5,1.19829
88354.0,1.19941
88401.6,1.20061
88449.2,1.20187
88496.8,1.20313
88544.3,1.2044
88591.9,1.20586
88639.5,1.20824
88687.1,1.21063
88734.7,1.21301
88782.2,1.2154
88829.8,1.21663
88877.4,1.21761
88925.0,1.21859
88972.5,1.21957
89020.1,1.22028
89067.7,1.22069
89115.3,1.2211
89162.9,1.22151
89210.4,1.22192
89258.0,1.22233
89305.6,1.22274
89353.2,1.22315
89400.7,1.22356
89448.3,1.22397
89495.9,1.22438
89543.5,1.2248
89591.1,1.22518
89638.6,1.22553
89686.2,1.22589
89733.8,1.22625
89781.4,1.22661
89828.9,1.22696
89876.5,1.22732
89924.1,1.22768
89971.7,1.22804
90019.3,1.22839
90066.8,1.22875
90114.4,1.22911
90162.0,1.2294
90209.6,1.22966
90257.2,1.22991
90304.7,1.23017
90352.3,1.23043
90399.9,1.23068
90447.5,1.23094
90495.0,1.23119
90542.6,1.23145
90590.2,1.2317
90637.8,1.23196
90685.4,1.23221
90732.9,1.23247
90780.5,1.23272
90828.1,1.23298
90875.7,1.23323
90923.2,1.23349
90970.8,1.23375
91018.4,1.234
91066.0,1.23426
91113.6,1.23451
91161.1,1.23477
91208.7,1.23502
91256.3,1.23528
91303.9,1.23535
91351.4,1.23535
91399.0,1.23535
91446.6,1.23535
91494.2,1.23535
91541.8,1.23535
91589.3,1.23535
91636.9,1.23535
91684.5,1.23535
91732.1,1.23535
91779.6,1.23535
91827.2,1.23535
91874.8,1.23531
91922.4,1.23525
91970.0,1.2352
92017.5,1.23515
92065.1,1.2351
92112.7,1.23505
92160.3,1.235
92207.9,1.23495
92255.4,1.2349
92303.0,1.23485
92350.6,1.23479
92398.2,1.23474
92445.7,1.23487
92493.3,1.23502
92540.9,1.23517
92588.5,1.23532
92636.1,1.23548
92683.6,1.23563
92731.2,1.23578
92778.8,1.23594
92826.4,1.23609
92874.0,1.23624
92921.5,1.2364
92969.1,1.23655
93016.7,1.23633
93064.3,1.23608
93111.8,1.23582
93159.4,1.23557
93207.0,1.23531
93254.6,1.23506
93302.2,1.2348
93349.7,1.23455
93397.3,1.23429
93444.9,1.23404
93492.5,1.23378
93540.0,1.23353
93587.6,1.23317
93635.2,1.23281
93682.8,1.23246
93730.4,1.2321
93777.9,1.23174
93825.5,1.23138
93873.1,1.23103
93920.7,1.23067
93968.2,1.23031
94015.8,1.22995
94063.4,1.2296
94111.0,1.22924
94158.6,1.22893
94206.1,1.22863
94253.7,1.22832
94301.3,1.22801
94348.9,1.22771
94396.4,1.2274
94444.0,1.2271
94491.6,1.22679
94539.2,1.22648
94586.8,1.22618
94634.3,1.22587
94681.9,1.22557
94729.5,1.22537
94777.1,1.22516
94824.7,1.22495
94872.2,1.22475
94919.8,1.22454
94967.4,1.22434
95015.0,1.22413
95062.5,1.22393
95110.1,1.22372
95157.7,1.22352
95205.3,1.22331
95252.9,1.22312
95300.4,1.22296
95348.0,1.22281
95395.6,1.22266
95443.2,1.2225
95490.7,1.22235
95538.3,1.2222
95585.9,1.22204
95633.5,1.22189
95681.1,1.22174
95728.6,1.22158
95776.2,1.22143
95823.8,1.22122
95871.4,1.22076
95918.9,1.2203
95966.5,1.21984
96014.1,1.21938
96061.7,1.21892
96109.3,1.21846
96156.8,1.218
96204.4,1.21754
96252.0,1.21708
96299.6,1.21662
96347.1,1.21616
96394.7,1.21588
96442.3,1.21613
96489.9,1.21639
96537.5,1.21664
96585.0,1.2169
96632.6,1.21716
96680.2,1.21741
96727.8,1.21767
96775.4,1.21792
96822.9,1.21818
96870.5,1.21843
96918.1,1.21869
96965.7,1.21885
97013.2,1.2188
97060.8,1.21875
97108.4,1.2187
97156.0,1.21865
97203.6,1.21859
97251.1,1.21854
97298.7,1.21849
97346.3,1.21844
97393.9,1.21839
97441.5,1.21834
97489.0,1.21829
97536.6,1.21837
97584.2,1.21867
97631.8,1.21898
97679.3,1.21928
97726.9,1.21959
97774.5,1.2199
97822.1,1.2202
97869.7,1.22051
97917.2,1.22082
97964.8,1.22112
98012.4,1.22143
98060.0,1.22174
98107.5,1.22183
98155.1,1.22163
98202.7,1.22142
98250.3,1.22122
98297.9,1.22101
98345.4,1.22081
98393.0,1.2206
98440.6,1.2204
98488.2,1.2202
98535.7,1.21999
98583.3,1.21979
98630.9,1.21958
98678.5,1.21928
98726.1,1.21887
98773.6,1.21846
98821.2,1.21806
98868.8,1.21765
98916.4,1.21724
98964.0,1.21683
99011.5,1.21642
99059.1,1.21601
99106.7,1.2156
99154.3,1.2152
99201.8,1.21479
99249.4,1.21441
99297.0,1.21405
99344.6,1.21369
99392.2,1.21333
99439.7,1.21298
99487.3,1.21262
99534.9,1.21226
99582.5,1.2119
99630.0,1.21155
99677.6,1.21119
99725.2,1.21083
99772.8,1.21047
99820.4,1.21033
99867.9,1.21033
99915.5,1.21033
99963.1,1.21033
100010.0,1.21033
100058.0,1.21033
100105.0,1.21033
100153.0,1.21033
100201.0,1.21033
100248.0,1.21033
100296.0,1.21033
100343.0,1.21033
100391.0,1.21026
100438.0,1.21016
100486.0,1.21006
100534.0,1.20995
100581.0,1.20985
100629.0,1.20975
100676.0,1.20965
100724.0,1.20954
100771.0,1.20944
100819.0,1.20934
100867.0,1.20924
100914.0,1.20914
100962.0,1.20903
101009.0,1.20893
101057.0,1.20883
101105.0,1.20873
101152.0,1.20862
101200.0,1.20852
101247.0,1.20842
101295.0,1.20832
101342.0,1.20822
101390.0,1.20811
101438.0,1.20801
101485.0,1.20791
101533.0,1.20812
101580.0,1.20842
101628.0,1.20873
101675.0,1.20904
101723.0,1.20934
101771.0,1.20965
101818.0,1.20996
101866.0,1.21026
101913.0,1.21057
101961.0,1.21088
102008.0,1.21118
102056.0,1.21149
102104.0,1.21134
102151.0,1.21108
102199.0,1.21083
102246.0,1.21057
102294.0,1.21032
102342.0,1.21006
102389.0,1.2098
102437.0,1.20955
102484.0,1.20929
102532.0,1.20904
102579.0,1.20878
102627.0,1.20853
102675.0,1.20836
102722.0,1.20821
102770.0,1.20806
102817.0,1.2079
102865.0,1.20775
102912.0,1.2076
102960.0,1.20744
103008.0,1.20729
103055.0,1.20714
103103.0,1.20698
103150.0,1.20683
103198.0,1.20668
103246.0,1.20638
103293.0,1.20608
103341.0,1.20577
103388.0,1.20546
103436.0,1.20515
103483.0,1.20485
103531.0,1.20454
103579.0,1.20423
103626.0,1.20392
103674.0,1.20362
103721.0,1.20331
103769.0,1.203
103816.0,1.20249
103864.0,1.20198
103912.0,1.20147
103959.0,1.20096
104007.0,1.20045
104054.0,1.19994
104102.0,1.19943
104150.0,1.19892
104197.0,1.19841
104245.0,1.1979
104292.0,1.19738
104340.0,1.19686
104387.0,1.19609
104435.0,1.19533
104483.0,1.19456
104530.0,1.19379
104578.0,1.19303
104625.0,1.19226
104673.0,1.19149
104720.0,1.19072
104768.0,1.18996
104816.0,1.18919
104863.0,1.18842
104911.0,1.18769
104958.0,1.18728
105006.0,1.18688
105053.0,1.18647
105101.0,1.18606
105149.0,1.18565
105196.0,1.18524
105244.0,1.18484
105291.0,1.18443
105339.0,1.18402
105387.0,1.18361
105434.0,1.1832
105482.0,1.18274
105529.0,1.18192
105577.0,1.1811
105624.0,1.18028
105672.0,1.17946
105720.0,1.17865
105767.0,1.17783
105815.0,1.17701
105862.0,1.17619
105910.0,1.17538
105957.0,1.17456
106005.0,1.17374
106053.0,1.17303
106100.0,1.17272
106148.0,1.17242
106195.0,1.17211
106243.0,1.1718
106291.0,1.17149
106338.0,1.17119
106386.0,1.17088
106433.0,1.17057
106481.0,1.17026
106528.0,1.16996
106576.0,1.16965
106624.0,1.16931
106671.0,1.16891
106719.0,1.1685
106766.0,1.16809
106814.0,1.16768
106861.0,1.16727
106909.0,1.16686
106957.0,1.16645
107004.0,1.16604
107052.0,1.16563
107099.0,1.16523
107147.0,1.16482
107195.0,1.16448
107242.0,1.16427
107290.0,1.16407
107337.0,1.16387
107385.0,1.16366
107432.0,1.16346
107480.0,1.16325
107528.0,1.16305
107575.0,1.16284
107623.0,1.16264
107670.0,1.16244
107718.0,1.16223
107765.0,1.1622
107813.0,1.16246
107861.0,1.16271
107908.0,1.16297
107956.0,1.16322
108003.0,1.16348
108051.0,1.16373
108098.0,1.16399
108146.0,1.16425
108194.0,1.1645
108241.0,1.16476
108289.0,1.16501
108336.0,1.16513
108384.0,1.16508
108432.0,1.16503
108479.0,1.16498
108527.0,1.16493
108574.0,1.16488
108622.0,1.16483
108669.0,1.16478
108717.0,1.16472
108765.0,1.16467
108812.0,1.16462
108860.0,1.16457
108907.0,1.16452
108955.0,1.16447
109002.0,1.16442
109050.0,1.16437
109098.0,1.16432
109145.0,1.16426
109193.0,1.16421
109240.0,1.16416
109288.0,1.16411
109336.0,1.16406
109383.0,1.16401
109431.0,1.16396
109478.0,1.16417
109526.0,1.16457
109573.0,1.16498
109621.0,1.16539
109669.0,1.1658
109716.0,1.16621
109764.0,1.16661
109811.0,1.16702
109859.0,1.16743
109906.0,1.16784
109954.0,1.16825
110002.0,1.16865
110049.0,1.169
110097.0,1.16931
110144.0,1.16962
110192.0,1.16992
110240.0,1.17023
110287.0,1.17054
110335.0,1.17085
110382.0,1.17115
110430.0,1.17146
110477.0,1.17177
110525.0,1.17208
110573.0,1.17238
110620.0,1.17245
110668.0,1.1724
110715.0,1.17235
110763.0,1.1723
110810.0,1.17225
110858.0,1.1722
110906.0,1.17214
110953.0,1.17209
111001.0,1.17204
111048.0,1.17199
111096.0,1.17194
111143.0,1.17189
111191.0,1.17191
111239.0,1.17196
111286.0,1.17202
111334.0,1.17207
111381.0,1.17212
111429.0,1.17217
111477.0,1.17222
111524.0,1.17227
111572.0,1.17232
111619.0,1.17237
111667.0,1.17242
111714.0,1.17247
111762.0,1.17273
111810.0,1.17303
111857.0,1.17334
111905.0,1.17365
111952.0,1.17395
112000.0,1.17426
112047.0,1.17456
112095.0,1.17487
112143.0,1.17518
112190.0,1.17548
112238.0,1.17579
112285.0,1.17609
112333.0,1.17627
112381.0,1.17643
112428.0,1.17658
112476.0,1.17673
112523.0,1.17689
112571.0,1.17704
112618.0,1.17719
112666.0,1.17735
112714.0,1.1775
112761.0,1.17765
112809.0,1.17781
112856.0,1.17796
112904.0,1.17798
112951.0,1.17798
112999.0,1.17798
113047.0,1.17798
113094.0,1.17798
113142.0,1.17798
113189.0,1.17798
113237.0,1.17798
113285.0,1.17798
113332.0,1.17798
113380.0,1.17798
113427.0,1.17798
113475.0,1.17807
113522.0,1.17818
113570.0,1.17828
113618.0,1.17838
113665.0,1.17848
113713.0,1.17858
113760.0,1.17869
113808.0,1.17879
113855.0,1.17889
113903.0,1.17899
113951.0,1.1791
113998.0,1.17919
114046.0,1.17904
114093.0,1.17889
114141.0,1.17873
114188.0,1.17858
114236.0,1.17843
114284.0,1.17827
114331.0,1.17812
114379.0,1.17797
114426.0,1.17782
114474.0,1.17766
114522.0,1.17751
114569.0,1.17734
114617.0,1.17693
114664.0,1.17652
114712.0,1.17611
114759.0,1.1757
114807.0,1.1753
114855.0,1.17489
114902.0,1.17448
114950.0,1.17407
114997.0,1.17366
115045.0,1.17325
115092.0,1.17284
115140.0,1.17247
115188.0,1.17231
115235.0,1.17216
115283.0,1.172
115330.0,1.17185
115378.0,1.1717
115426.0,1.17154
115473.0,1.17139
115521.0,1.17123
115568.0,1.17108
115616.0,1.17092
115663.0,1.17077
115711.0,1.17066
115759.0,1.17071
115806.0,1.17076
115854.0,1.17081
115901.0,1.17086
115949.0,1.17091
115996.0,1.17096
116044.0,1.17101
116092.0,1.17106
116139.0,1.17112
116187.0,1.17117
116234.0,1.17122
116282.0,1.17113
116330.0,1.17062
116377.0,1.17011
116425.0,1.1696
116472.0,1.16909
116520.0,1.16858
116567.0,1.16807
116615.0,1.16756
116663.0,1.16705
116710.0,1.16654
116758.0,1.16603
116805.0,1.16552
116853.0,1.16517
116900.0,1.16522
116948.0,1.16527
116996.0,1.16532
117043.0,1.16538
117091.0,1.16543
117138.0,1.16548
117186.0,1.16553
117234.0,1.16558
117281.0,1.16563
117329.0,1.16568
117376.0,1.16573
117424.0,1.16586
117471.0,1.16611
117519.0,1.16637
117567.0,1.16662
117614.0,1.16688
117662.0,1.16713
117709.0,1.16739
117757.0,1.16764
117804.0,1.1679
117852.0,1.16816
117900.0,1.16841
117947.0,1.16867
117995.0,1.16882
118042.0,1.16882
118090.0,1.16882
118137.0,1.16882
118185.0,1.16882
118233.0,1.16882
118280.0,1.16882
118328.0,1.16882
118375.0,1.16882
118423.0,1.16882
118471.0,1.16882
118518.0,1.16882
118566.0,1.16863
118613.0,1.16822
118661.0,1.16781
118708.0,1.1674
118756.0,1.16699
118804.0,1.16658
118851.0,1.16618
118899.0,1.16577
118946.0,1.16536
118994.0,1.16495
119041.0,1.16454
119089.0,1.16413
119137.0,1.16386
119184.0,1.1637
119232.0,1.16355
119279.0,1.1634
119327.0,1.16324
119375.0,1.16309
119422.0,1.16294
119470.0,1.16278
119517.0,1.16263
119565.0,1.16248
119612.0,1.16232
119660.0,1.16217
119708.0,1.16196
119755.0,1.1617
119803.0,1.16145
119850.0,1.16119
119898.0,1.16093
119945.0,1.16068
119993.0,1.16042
120041.0,1.16017
120088.0,1.15991
120136.0,1.15966
120183.0,1.1594
120231.0,1.15915
120279.0,1.15899
120326.0,1.15889
120374.0,1.15879
120421.0,1.15868
120469.0,1.15858
120516.0,1.15848
120564.0,1.15838
120612.0,1.15828
120659.0,1.15817
120707.0,1.15807
120754.0,1.15797
120802.0,1.15787
120849.0,1.1577
120897.0,1.15749
120945.0,1.15729
120992.0,1.15708
121040.0,1.15688
121087.0,1.15667
121135.0,1.15647
121182.0,1.15626
121230.0,1.15606
121278.0,1.15586
121325.0,1.15565
121373.0,1.15545
121420.0,1.15497
121468.0,1.15441
121516.0,1.15385
121563.0,1.15329
121611.0,1.15272
121658.0,1.15216
121706.0,1.1516
121753.0,1.15103
121801.0,1.15047
121849.0,1.14991
121896.0,1.14934
121944.0,1.14878
121991.0,1.14863
122039.0,1.14858
122086.0,1.14853
122134.0,1.14848
122182.0,1.14843
122229.0,1.14838
122277.0,1.14833
122324.0,1.14828
122372.0,1.14823
122420.0,1.14817
122467.0,1.14812
122515.0,1.14807
122562.0,1.14811
122610.0,1.14816
122657.0,1.14821
122705.0,1.14826
122753.0,1.14831
122800.0,1.14837
122848.0,1.14842
122895.0,1.14847
122943.0,1.14852
122990.0,1.14857
123038.0,1.14862
123086.0,1.14867
123133.0,1.14886
123181.0,1.14907
123228.0,1.14927
123276.0,1.14948
123324.0,1.14968
123371.0,1.14988
123419.0,1.15009
123466.0,1.15029
123514.0,1.1505
123561.0,1.1507
123609.0,1.15091
123657.0,1.15111
123704.0,1.15077
123752.0,1.15041
123799.0,1.15005
123847.0,1.14969
123894.0,1.14934
123942.0,1.14898
123990.0,1.14862
124037.0,1.14826
124085.0,1.1479
124132.0,1.14755
124180.0,1.14719
124227.0,1.14684
124275.0,1.14674
124323.0,1.14664
124370.0,1.14654
124418.0,1.14643
124465.0,1.14633
124513.0,1.14623
124561.0,1.14613
124608.0,1.14602
124656.0,1.14592
124703.0,1.14582
124751.0,1.14572
124798.0,1.14563
124846.0,1.14563
124894.0,1.14563
124941.0,1.14563
124989.0,1.14563
125036.0,1.14563
125084.0,1.14563
125131.0,1.14563
125179.0,1.14563
125227.0,1.14563
125274.0,1.14563
125322.0,1.14563
125369.0,1.1456
125417.0,1.14545
125465.0,1.1453
125512.0,1.14514
125560.0,1.14499
125607.0,1.14484
125655.0,1.14468
125702.0,1.14453
125750.0,1.14438
125798.0,1.14422
125845.0,1.14407
125893.0,1.14392
125940.0,1.14369
125988.0,1.14318
126035.0,1.14267
126083.0,1.14216
126131.0,1.14165
126178.0,1.14114
126226.0,1.14062
126273.0,1.14011
126321.0,1.1396
126368.0,1.13909
126416.0,1.13858
126464.0,1.13807
126511.0,1.13765
126559.0,1.1375
126606.0,1.13735
126654.0,1.13719
126702.0,1.13704
126749.0,1.13688
126797.0,1.13673
126844.0,1.13658
126892.0,1.13642
126939.0,1.13627
126987.0,1.13611
127035.0,1.13596
127082.0,1.1358
127130.0,1.13565
127177.0,1.1355
127225.0,1.13535
127272.0,1.13519
127320.0,1.13504
127368.0,1.13489
127415.0,1.13473
127463.0,1.13458
127510.0,1.13443
127558.0,1.13427
127606.0,1.13412
127653.0,1.13412
127701.0,1.13438
127748.0,1.13463
127796.0,1.13489
127843.0,1.13514
127891.0,1.1354
127939.0,1.13565
127986.0,1.13591
128034.0,1.13616
128081.0,1.13642
128129.0,1.13668
128176.0,1.13693
128224.0,1.13701
128272.0,1.13686
128319.0,1.1367
128367.0,1.13655
128414.0,1.1364
128462.0,1.13624
128510.0,1.13609
128557.0,1.13594
128605.0,1.13578
128652.0,1.13563
128700.0,1.13548
128747.0,1.13532
128795.0,1.13522
128843.0,1.13517
128890.0,1.13512
128938.0,1.13507
128985.0,1.13502
129033.0,1.13496
129080.0,1.13491
129128.0,1.13486
129176.0,1.13481
129223.0,1.13476
129271.0,1.13471
129318.0,1.13466
129366.0,1.13461
129413.0,1.13456
129461.0,1.1345
129509.0,1.13445
129556.0,1.1344
129604.0,1.13435
129651.0,1.1343
129699.0,1.13425
129747.0,1.1342
129794.0,1.13415
129842.0,1.1341
129889.0,1.13405
129937.0,1.13412
129984.0,1.13427
130032.0,1.13442
130080.0,1.13458
130127.0,1.13473
130175.0,1.13488
130222.0,1.13504
130270.0,1.13519
130317.0,1.13534
130365.0,1.1355
130413.0,1.13565
130460.0,1.1358
130508.0,1.13572
130555.0,1.13552
130603.0,1.13531
130651.0,1.13511
130698.0,1.1349
130746.0,1.1347
130793.0,1.13449
130841.0,1.13429
130888.0,1.13408
130936.0,1.13388
130984.0,1.13368
131031.0,1.13347
131079.0,1.13323
131126.0,1.13298
131174.0,1.13272
131222.0,1.13247
131269.0,1.13221
131317.0,1.13195
131364.0,1.1317
131412.0,1.13144
131459.0,1.13119
131507.0,1.13093
131555.0,1.13068
131602.0,1.13042
131650.0,1.13033
131697.0,1.13028
131745.0,1.13022
131792.0,1.13017
131840.0,1.13012
131888.0,1.13007
131935.0,1.13002
131983.0,1.12997
132030.0,1.12992
132078.0,1.12987
132125.0,1.12982
132173.0,1.12976
132221.0,1.12954
132268.0,1.12929
132316.0,1.12903
132363.0,1.12878
132411.0,1.12852
132459.0,1.12827
132506.0,1.12801
132554.0,1.12775
132601.0,1.1275
132649.0,1.12724
132696.0,1.12699
132744.0,1.12673
132792.0,1.12639
132839.0,1.12603
132887.0,1.12567
132934.0,1.12531
132982.0,1.12496
133029.0,1.1246
133077.0,1.12424
133125.0,1.12388
133172.0,1.12352
133220.0,1.12317
133267.0,1.12281
133315.0,1.12245
133363.0,1.1217
133410.0,1.12094
133458.0,1.12017
133505.0,1.11941
133553.0,1.11864
133600.0,1.11787
133648.0,1.11711
133696.0,1.11634
133743.0,1.11558
133791.0,1.11481
133838.0,1.11404
133886.0,1.11328
133933.0,1.1122
133981.0,1.11113
134029.0,1.11006
134076.0,1.10898
134124.0,1.10791
134171.0,1.10684
134219.0,1.10576
134267.0,1.10469
134314.0,1.10361
134362.0,1.10254
134409.0,1.10147
134457.0,1.10045
134504.0,1.10029
134552.0,1.10014
134600.0,1.09999
134647.0,1.09983
134695.0,1.09968
134742.0,1.09953
134790.0,1.09937
134837.0,1.09922
134885.0,1.09907
134933.0,1.09891
134980.0,1.09876
135028.0,1.09858
135075.0,1.09822
135123.0,1.09787
135170.0,1.09751
135218.0,1.09715
135266.0,1.09679
135313.0,1.09644
135361.0,1.09608
135408.0,1.09572
135456.0,1.09536
135504.0,1.09501
135551.0,1.09465
135599.0,1.09428
135646.0,1.09387
135694.0,1.09346
135741.0,1.09306
135789.0,1.09265
135837.0,1.09224
135884.0,1.09183
135932.0,1.09142
135979.0,1.09102
136027.0,1.09061
136074.0,1.0902
136122.0,1.08979
136170.0,1.08934
136217.0,1.08872
136265.0,1.08811
136312.0,1.08749
136360.0,1.08688
136408.0,1.08627
136455.0,1.08565
136503.0,1.08504
136550.0,1.08442
136598.0,1.08381
136645.0,1.0832
136693.0,1.08258
136741.0,1.08206
136788.0,1.08175
136836.0,1.08144
136883.0,1.08114
136931.0,1.08083
136978.0,1.08052
137026.0,1.08022
137074.0,1.07991
137121.0,1.0796
137169.0,1.0793
137216.0,1.07899
137264.0,1.07868
137312.0,1.07829
137359.0,1.07773
137407.0,1.07716
137454.0,1.0766
137502.0,1.07604
137549.0,1.07548
137597.0,1.07492
137645.0,1.07435
137692.0,1.07379
137740.0,1.07323
137787.0,1.07267
137835.0,1.07211
137882.0,1.07133
137930.0,1.07026
137978.0,1.06919
138025.0,1.06812
138073.0,1.06704
138120.0,1.06597
138168.0,1.0649
138216.0,1.06383
138263.0,1.06276
138311.0,1.06168
138358.0,1.06061
138406.0,1.05954
138453.0,1.0584
138501.0,1.05717
138549.0,1.05594
138596.0,1.05472
138644.0,1.05349
138691.0,1.05226
138739.0,1.05103
138786.0,1.04981
138834.0,1.04858
138882.0,1.04735
138929.0,1.04613
138977.0,1.0449
139024.0,1.0438
139072.0,1.04283
139119.0,1.04186
139167.0,1.04089
139215.0,1.03992
139262.0,1.03894
139310.0,1.03797
139357.0,1.037
139405.0,1.03603
139453.0,1.03506
139500.0,1.03409
139548.0,1.03311
139595.0,1.03232
139643.0,1.03166
139690.0,1.03099
139738.0,1.03033
139786.0,1.02966
139833.0,1.029
139881.0,1.02833
139928.0,1.02767
139976.0,1.02701
140023.0,1.02634
140071.0,1.02568
140119.0,1.02501
140166.0,1.02455
140214.0,1.02419
140261.0,1.02383
140309.0,1.02348
140357.0,1.02312
140404.0,1.02276
140452.0,1.0224
140499.0,1.02205
140547.0,1.02169
140594.0,1.02133
140642.0,1.02098
140690.0,1.02062
140737.0,1.02065
140785.0,1.02085
140832.0,1.02105
140880.0,1.02126
140927.0,1.02146
140975.0,1.02167
141023.0,1.02187
141070.0,1.02208
141118.0,1.02228
141165.0,1.02249
141213.0,1.02269
141261.0,1.02289
141308.0,1.02329
141356.0,1.02375
141403.0,1.02421
141451.0,1.02467
141498.0,1.02513
141546.0,1.02559
141594.0,1.02605
141641.0,1.02651
141689.0,1.02697
141736.0,1.02743
141784.0,1.02789
141831.0,1.02835
141879.0,1.02864
141927.0,1.0289
141974.0,1.02915
142022.0,1.02941
142069.0,1.02966
142117.0,1.02992
142164.0,1.03017
142212.0,1.03043
142260.0,1.03069
142307.0,1.03094
142355.0,1.0312
142402.0,1.03145
142450.0,1.03149
142498.0,1.03149
142545.0,1.03149
142593.0,1.03149
142640.0,1.03149
142688.0,1.03149
142735.0,1.03149
142783.0,1.03149
142831.0,1.03149
142878.0,1.03149
142926.0,1.03149
142973.0,1.03149
143021.0,1.032
143068.0,1.03256
143116.0,1.03312
143164.0,1.03369
143211.0,1.03425
143259.0,1.03481
143306.0,1.03538
143354.0,1.03594
143402.0,1.0365
143449.0,1.03707
143497.0,1.03763
143544.0,1.03819
143592.0,1.03855
143639.0,1.03891
143687.0,1.03927
143735.0,1.03963
143782.0,1.03999
143830.0,1.04034
143877.0,1.0407
143925.0,1.04106
143972.0,1.04142
144020.0,1.04177
144068.0,1.04213
144115.0,1.04249
144163.0,1.04285
144210.0,1.0432
144258.0,1.04356
144306.0,1.04392
144353.0,1.04428
144401.0,1.04464
144448.0,1.04499
144496.0,1.04535
144543.0,1.04571
144591.0,1.04607
144639.0,1.04642
144686.0,1.0468
144734.0,1.04736
144781.0,1.04793
144829.0,1.04849
144876.0,1.04905
144924.0,1.04961
144972.0,1.05017
145019.0,1.05074
145067.0,1.0513
145114.0,1.05186
145162.0,1.05242
145209.0,1.05298
145257.0,1.05357
145305.0,1.05434
145352.0,1.05511
145400.0,1.05587
145447.0,1.05664
145495.0,1.05741
145543.0,1.05817
145590.0,1.05894
145638.0,1.05971
145685.0,1.06047
145733.0,1.06124
145780.0,1.06201
145828.0,1.06274
145876.0,1.06335
145923.0,1.06397
145971.0,1.06458
146018.0,1.0652
146066.0,1.06581
146113.0,1.06642
146161.0,1.06704
146209.0,1.06765
146256.0,1.06827
146304.0,1.06888
146351.0,1.06949
146399.0,1.06999
146447.0,1.07014
146494.0,1.07029
146542.0,1.07045
146589.0,1.0706
146637.0,1.07075
146684.0,1.0709
146732.0,1.07106
146780.0,1.07121
146827.0,1.07136
146875.0,1.07152
146922.0,1.07167
146970.0,1.07174
147017.0,1.07164
147065.0,1.07154
147113.0,1.07144
147160.0,1.07134
147208.0,1.07123
147255.0,1.07113
147303.0,1.07103
147351.0,1.07093
147398.0,1.07082
147446.0,1.07072
147493.0,1.07062
147541.0,1.07048
147588.0,1.07028
147636.0,1.07007
147684.0,1.06987
147731.0,1.06966
147779.0,1.06946
147826.0,1.06925
147874.0,1.06905
147921.0,1.06884
147969.0,1.06864
148017.0,1.06844
148064.0,1.06823
148112.0,1.06796
148159.0,1.0676
148207.0,1.06724
148254.0,1.06688
148302.0,1.06653
148350.0,1.06617
148397.0,1.06581
148445.0,1.06545
148492.0,1.06509
148540.0,1.06473
148588.0,1.06438
148635.0,1.06402
148683.0,1.06348
148730.0,1.06277
148778.0,1.06205
148825.0,1.06134
148873.0,1.06063
148921.0,1.05991
148968.0,1.0592
149016.0,1.05848
149063.0,1.05777
149111.0,1.05706
149158.0,1.05634
149206.0,1.05563
149254.0,1.05499
149301.0,1.05443
149349.0,1.05387
149396.0,1.05331
149444.0,1.05274
149492.0,1.05218
149539.0,1.05162
149587.0,1.05105
149634.0,1.05049
149682.0,1.04993
149729.0,1.04936
149777.0,1.0488
149825.0,1.04845
149872.0,1.04825
149920.0,1.04804
149967.0,1.04784
150015.0,1.04764
150062.0,1.04743
150110.0,1.04723
150158.0,1.04702
150205.0,1.04682
150253.0,1.04661
150300.0,1.04641
150348.0,1.0462
150395.0,1.04597
150443.0,1.04571
150491.0,1.04546
150538.0,1.0452
150586.0,1.04494
150633.0,1.04469
150681.0,1.04443
150729.0,1.04418
150776.0,1.04392
150824.0,1.04367
150871.0,1.04341
150919.0,1.04316
150966.0,1.04272
151014.0,1.04221
151062.0,1.0417
151109.0,1.04119
151157.0,1.04068
151204.0,1.04017
151252.0,1.03966
151299.0,1.03915
151347.0,1.03864
151395.0,1.03813
151442.0,1.03762
151490.0,1.03711
151537.0,1.03632
151585.0,1.03545
151633.0,1.03458
151680.0,1.03371
151728.0,1.03284
151775.0,1.03197
151823.0,1.0311
151870.0,1.03023
151918.0,1.02936
151966.0,1.02849
152013.0,1.02763
152061.0,1.02676
152108.0,1.02639
152156.0,1.02614
152203.0,1.02588
152251.0,1.02563
152299.0,1.02537
152346.0,1.02512
152394.0,1.02486
152441.0,1.02461
152489.0,1.02435
152537.0,1.02409
152584.0,1.02384
152632.0,1.02358
152679.0,1.02292
152727.0,1.0222
152774.0,1.02149
152822.0,1.02077
152870.0,1.02005
152917.0,1.01934
152965.0,1.01862
153012.0,1.0179
153060.0,1.01719
153107.0,1.01647
153155.0,1.01576
153203.0,1.01504
153250.0,1.01428
153298.0,1.01351
153345.0,1.01275
153393.0,1.01198
153440.0,1.01122
153488.0,1.01045
153536.0,1.00969
153583.0,1.00892
153631.0,1.00816
153678.0,1.00739
153726.0,1.00663
153774.0,1.00586
153821.0,1.00528
153869.0,1.00471
153916.0,1.00414
153964.0,1.00356
154011.0,1.00299
154059.0,1.00241
154107.0,1.00184
154154.0,1.00126
154202.0,1.00069
154249.0,1.00011
154297.0,0.999542
154344.0,0.998967
154392.0,0.99838
154440.0,0.997794
154487.0,0.997208
154535.0,0.996621
154582.0,0.996035
154630.0,0.995448
154678.0,0.994862
154725.0,0.994276
154773.0,0.993689
154820.0,0.993103
154868.0,0.992516
154915.0,0.99196
154963.0,0.991625
155011.0,0.99129
155058.0,0.990955
155106.0,0.99062
155153.0,0.990285
155201.0,0.989949
155248.0,0.989614
155296.0,0.989279
155344.0,0.988944
155391.0,0.988609
155439.0,0.988274
155486.0,0.987894
155534.0,0.987308
155582.0,0.986723
155629.0,0.986138
155677.0,0.985552
155724.0,0.984967
155772.0,0.984382
155819.0,0.983796
155867.0,0.983211
155915.0,0.982626
155962.0,0.98204
156010.0,0.981455
156057.0,0.981037
156105.0,0.981205
156152.0,0.981372
156200.0,0.98154
156248.0,0.981707
156295.0,0.981875
156343.0,0.982042
156390.0,0.98221
156438.0,0.982377
156485.0,0.982545
156533.0,0.982712
156581.0,0.98288
156628.0,0.982904
156676.0,0.982569
156723.0,0.982234
156771.0,0.981899
156819.0,0.981564
156866.0,0.981229
156914.0,0.980894
156961.0,0.980559
157009.0,0.980224
157056.0,0.979889
157104.0,0.979553
157152.0,0.979218
157199.0,0.978883
157247.0,0.978548
157294.0,0.978213
157342.0,0.977878
157389.0,0.977543
157437.0,0.977208
157485.0,0.976873
157532.0,0.976538
157580.0,0.976203
157627.0,0.975868
157675.0,0.975533
157723.0,0.975198
157770.0,0.974897
157818.0,0.974646
157865.0,0.974395
157913.0,0.974144
157960.0,0.973894
158008.0,0.973643
158056.0,0.973392
158103.0,0.973141
158151.0,0.97289
158198.0,0.972639
158246.0,0.972388
158293.0,0.972137
158341.0,0.971697
158389.0,0.971027
158436.0,0.970357
158484.0,0.969687
158531.0,0.969017
158579.0,0.968346
158627.0,0.967676
158674.0,0.967006
158722.0,0.966336
158769.0,0.965666
158817.0,0.964996
158864.0,0.964326
158912.0,0.963741
158960.0,0.963239
159007.0,0.962736
159055.0,0.962234
159102.0,0.961731
159150.0,0.961228
159197.0,0.960726
159245.0,0.960223
159293.0,0.959721
159340.0,0.959218
159388.0,0.958715
159435.0,0.958213
159483.0,0.957807
159530.0,0.957472
159578.0,0.957138
159626.0,0.956804
159673.0,0.956469
159721.0,0.956135
159768.0,0.9558
159816.0,0.955466
159864.0,0.955131
159911.0,0.954797
159959.0,0.954462
160006.0,0.954128
160054.0,0.953741
160101.0,0.953322
160149.0,0.952903
160197.0,0.952484
160244.0,0.952066
160292.0,0.951647
160339.0,0.951228
160387.0,0.950809
160434.0,0.95039
160482.0,0.949971
160530.0,0.949553
160577.0,0.949134
160625.0,0.948829
160672.0,0.948577
160720.0,0.948326
160768.0,0.948075
160815.0,0.947824
160863.0,0.947572
160910.0,0.947321
160958.0,0.94707
161005.0,0.946818
161053.0,0.946567
161101.0,0.946316
161148.0,0.946064
161196.0,0.945938
161243.0,0.945854
161291.0,0.94577
161338.0,0.945686
161386.0,0.945602
161434.0,0.945519
161481.0,0.945435
161529.0,0.945351
161576.0,0.945267
161624.0,0.945184
161672.0,0.9451
161719.0,0.945016
161767.0,0.945471
161814.0,0.946056
161862.0,0.946642
161909.0,0.947227
161957.0,0.947813
162005.0,0.948398
162052.0,0.948983
162100.0,0.949569
162147.0,0.950154
162195.0,0.950739
162242.0,0.951325
162290.0,0.95191
162338.0,0.952496
162385.0,0.953083
162433.0,0.953669
162480.0,0.954255
162528.0,0.954842
162576.0,0.955428
162623.0,0.956014
162671.0,0.956601
162718.0,0.957187
162766.0,0.957774
162813.0,0.95836
162861.0,0.958946
162909.0,0.958695
162956.0,0.95836
163004.0,0.958025
163051.0,0.95769
163099.0,0.957355
163146.0,0.95702
163194.0,0.956685
163242.0,0.95635
163289.0,0.956015
163337.0,0.955679
163384.0,0.955344
163432.0,0.955009
163479.0,0.955081
163527.0,0.955165
163575.0,0.955249
163622.0,0.955332
163670.0,0.955416
163717.0,0.9555
163765.0,0.955584
163813.0,0.955668
163860.0,0.955751
163908.0,0.955835
163955.0,0.955919
164003.0,0.956003
164050.0,0.956086
164098.0,0.95617
164146.0,0.956254
164193.0,0.956337
164241.0,0.956421
164288.0,0.956504
164336.0,0.956588
164383.0,0.956672
164431.0,0.956755
164479.0,0.956839
164526.0,0.956923
164574.0,0.957025
164621.0,0.95736
164669.0,0.957695
164717.0,0.95803
164764.0,0.958365
164812.0,0.9587
164859.0,0.959035
164907.0,0.959371
164954.0,0.959706
165002.0,0.960041
165050.0,0.960376
165097.0,0.960711
165145.0,0.960954
165192.0,0.960619
165240.0,0.960283
165287.0,0.959948
165335.0,0.959613
165383.0,0.959278
165430.0,0.958943
165478.0,0.958608
165525.0,0.958273
165573.0,0.957938
165621.0,0.957603
165668.0,0.957268
165716.0,0.956966
165763.0,0.956799
165811.0,0.956631
165858.0,0.956464
165906.0,0.956296
165954.0,0.956129
166001.0,0.955961
166049.0,0.955793
166096.0,0.955626
166144.0,0.955458
166191.0,0.955291
166239.0,0.955123
166287.0,0.955088
166334.0,0.955422
166382.0,0.955757
166429.0,0.956091
166477.0,0.956426
166524.0,0.95676
166572.0,0.957095
166620.0,0.957429
166667.0,0.957764
166715.0,0.958098
166762.0,0.958432
166810.0,0.958767
166858.0,0.959229
166905.0,0.959983
166953.0,0.960737
167000.0,0.961491
167048.0,0.962245
167095.0,0.962999
167143.0,0.963753
167191.0,0.964507
167238.0,0.96526
167286.0,0.966014
167333.0,0.966768
167381.0,0.967522
167428.0,0.967969
167476.0,0.967885
167524.0,0.967802
167571.0,0.967718
167619.0,0.967634
167666.0,0.96755
167714.0,0.967466
167762.0,0.967383
167809.0,0.967299
167857.0,0.967215
167904.0,0.967131
167952.0,0.967048
167999.0,0.967108
168047.0,0.967359
168095.0,0.96761
168142.0,0.967862
168190.0,0.968113
168237.0,0.968364
168285.0,0.968616
168332.0,0.968867
168380.0,0.969118
168428.0,0.969369
168475.0,0.969621
168523.0,0.969872
168570.0,0.970205
168618.0,0.970623
168666.0,0.971042
168713.0,0.97146
168761.0,0.971878
168808.0,0.972296
168856.0,0.972714
168903.0,0.973132
168951.0,0.97355
168999.0,0.973968
169046.0,0.974386
169094.0,0.974805
169141.0,0.974911
169189.0,0.974743
169236.0,0.974575
169284.0,0.974408
169332.0,0.97424
169379.0,0.974073
169427.0,0.973905
169474.0,0.973738
169522.0,0.97357
169569.0,0.973403
169617.0,0.973235
169665.0,0.973067
169712.0,0.9728
169760.0,0.972465
169807.0,0.97213
169855.0,0.971795
169903.0,0.97146
169950.0,0.971125
169998.0,0.97079
170045.0,0.970455
170093.0,0.97012
170140.0,0.969785
170188.0,0.969449
170236.0,0.969114
170283.0,0.968834
170331.0,0.968583
170378.0,0.968332
170426.0,0.96808
170473.0,0.967829
170521.0,0.967578
170569.0,0.967327
170616.0,0.967075
170664.0,0.966824
170711.0,0.966573
170759.0,0.966321
170807.0,0.96607
170854.0,0.96594
170902.0,0.965856
170949.0,0.965772
170997.0,0.965689
171044.0,0.965605
171092.0,0.965521
171140.0,0.965438
171187.0,0.965354
171235.0,0.965271
171282.0,0.965187
171330.0,0.965103
171377.0,0.96502
171425.0,0.964936
171473.0,0.964852
171520.0,0.964768
171568.0,0.964685
171615.0,0.964601
171663.0,0.964517
171711.0,0.964433
171758.0,0.96435
171806.0,0.964266
171853.0,0.964182
171901.0,0.964098
171948.0,0.964014
171996.0,0.964069
172044.0,0.964153
172091.0,0.964236
172139.0,0.96432
172186.0,0.964404
172234.0,0.964488
172281.0,0.964571
172329.0,0.964655
172377.0,0.964739
172424.0,0.964823
172472.0,0.964906
172519.0,0.96499
172567.0,0.965148
172614.0,0.965316
172662.0,0.965483
172710.0,0.965651
172757.0,0.965818
172805.0,0.965986
172852.0,0.966154
172900.0,0.966321
172948.0,0.966489
172995.0,0.966656
173043.0,0.966824
173090.0,0.966991
173138.0,0.967158
173185.0,0.967326
173233.0,0.967493
173281.0,0.96766
173328.0,0.967827
173376.0,0.967995
173423.0,0.968162
173471.0,0.968329
173518.0,0.968496
173566.0,0.968664
173614.0,0.968831
173661.0,0.968998
173709.0,0.969
173756.0,0.969
173804.0,0.969
173852.0,0.969
173899.0,0.969
173947.0,0.969
173994.0,0.969
174042.0,0.969
174089.0,0.969
174137.0,0.969
174185.0,0.969
174232.0,0.969022
174280.0,0.969441
174327.0,0.96986
174375.0,0.970279
174422.0,0.970697
174470.0,0.971116
174518.0,0.971535
174565.0,0.971954
174613.0,0.972373
174660.0,0.972792
174708.0,0.97321
174756.0,0.973629
174803.0,0.974009
174851.0,0.974093
174898.0,0.974177
174946.0,0.97426
174993.0,0.974344
175041.0,0.974427
175089.0,0.974511
175136.0,0.974595
175184.0,0.974678
175231.0,0.974762
175279.0,0.974846
175326.0,0.974929
175374.0,0.975026
175422.0,0.975194
175469.0,0.975361
175517.0,0.975529
175564.0,0.975696
175612.0,0.975864
175659.0,0.976031
175707.0,0.976199
175755.0,0.976366
175802.0,0.976534
175850.0,0.976701
175897.0,0.976869
175945.0,0.977
175993.0,0.977
176040.0,0.977
176088.0,0.977
176135.0,0.977
176183.0,0.977
176230.0,0.977
176278.0,0.977
176326.0,0.977
176373.0,0.977
176421.0,0.977
176468.0,0.977
176516.0,0.977023
176563.0,0.977107
176611.0,0.977191
176659.0,0.977275
176706.0,0.977358
176754.0,0.977442
176801.0,0.977526
176849.0,0.97761
176897.0,0.977694
176944.0,0.977777
176992.0,0.977861
177039.0,0.977945
177087.0,0.977971
177134.0,0.977887
177182.0,0.977804
177230.0,0.97772
177277.0,0.977636
177325.0,0.977553
177372.0,0.977469
177420.0,0.977386
177467.0,0.977302
177515.0,0.977218
177563.0,0.977135
177610.0,0.977051
177658.0,0.976935
177705.0,0.976768
177753.0,0.9766
177800.0,0.976433
177848.0,0.976265
177896.0,0.976097
177943.0,0.97593
177991.0,0.975762
178038.0,0.975595
178086.0,0.975427
178134.0,0.97526
178181.0,0.975092
178229.0,0.974737
178276.0,0.974151
178324.0,0.973564
178371.0,0.972978
178419.0,0.972391
178467.0,0.971805
178514.0,0.971219
178562.0,0.970632
178609.0,0.970046
178657.0,0.96946
178704.0,0.968873
178752.0,0.968287
178800.0,0.968085
178847.0,0.968253
178895.0,0.96842
178942.0,0.968588
178990.0,0.968756
179038.0,0.968923
179085.0,0.969091
179133.0,0.969258
179180.0,0.969426
179228.0,0.969593
179275.0,0.969761
179323.0,0.969928
179371.0,0.970383
179418.0,0.971052
179466.0,0.971721
179513.0,0.97239
179561.0,0.973059
179608.0,0.973728
179656.0,0.974397
179704.0,0.975066
179751.0,0.975735
179799.0,0.976404
179846.0,0.977073
179894.0,0.977742
179942.0,0.978206
179989.0,0.978541
180037.0,0.978876
180084.0,0.979211
180132.0,0.979546
180179.0,0.979881
180227.0,0.980216
180275.0,0.980551
180322.0,0.980886
180370.0,0.981221
180417.0,0.981556
180465.0,0.981892
180512.0,0.982
180560.0,0.982
180608.0,0.982
180655.0,0.982
180703.0,0.982
180750.0,0.982
180798.0,0.982
180845.0,0.982
180893.0,0.982
180941.0,0.982
180988.0,0.982
181036.0,0.982
181083.0,0.982124
181131.0,0.982291
181179.0,0.982459
181226.0,0.982626
181274.0,0.982794
181321.0,0.982961
181369.0,0.983129
181416.0,0.983296
181464.0,0.983464
181512.0,0.983632
181559.0,0.983799
181607.0,0.983967
181654.0,0.984
181702.0,0.984
181749.0,0.984
181797.0,0.984
181845.0,0.984
181892.0,0.984
181940.0,0.984
181987.0,0.984
182035.0,0.984
182083.0,0.984
182130.0,0.984
182178.0,0.984
182225.0,0.98407
182273.0,0.984154
182320.0,0.984238
182368.0,0.984322
182416.0,0.984405
182463.0,0.984489
182511.0,0.984573
182558.0,0.984657
182606.0,0.984741
182653.0,0.984824
182701.0,0.984908
182749.0,0.984992
182796.0,0.984696
182844.0,0.984361
182891.0,0.984026
182939.0,0.983691
182987.0,0.983356
183034.0,0.983021
183082.0,0.982686
183129.0,0.982351
183177.0,0.982016
183224.0,0.981681
183272.0,0.981345
183320.0,0.98101
183367.0,0.981081
183415.0,0.981165
183462.0,0.981248
183510.0,0.981332
183557.0,0.981416
183605.0,0.9815
183653.0,0.981584
183700.0,0.981667
183748.0,0.981751
183795.0,0.981835
183843.0,0.981919
183890.0,0.981997
183938.0,0.981914
183986.0,0.98183
184033.0,0.981746
184081.0,0.981663
184128.0,0.981579
184176.0,0.981495
184224.0,0.981412
184271.0,0.981328
184319.0,0.981245
184366.0,0.981161
184414.0,0.981077
184461.0,0.980994
184509.0,0.98091
184557.0,0.980826
184604.0,0.980742
184652.0,0.980659
184699.0,0.980575
184747.0,0.980491
184794.0,0.980407
184842.0,0.980324
184890.0,0.98024
184937.0,0.980156
184985.0,0.980072
185032.0,0.98
185080.0,0.98
185128.0,0.98
185175.0,0.98
185223.0,0.98
185270.0,0.98
185318.0,0.98
185365.0,0.98
185413.0,0.98
185461.0,0.98
185508.0,0.98
185556.0,0.98
185603.0,0.980049
185651.0,0.980301
185698.0,0.980552
185746.0,0.980803
185794.0,0.981055
185841.0,0.981306
185889.0,0.981557
185936.0,0.981808
185984.0,0.98206
186032.0,0.982311
186079.0,0.982562
186127.0,0.982814
186174.0,0.982956
186222.0,0.982789
186269.0,0.982622
186317.0,0.982455
186365.0,0.982287
186412.0,0.98212
186460.0,0.981953
186507.0,0.981786
186555.0,0.981618
186602.0,0.981451
186650.0,0.981284
186698.0,0.981117
186745.0,0.980924
186793.0,0.980673
186840.0,0.980422
186888.0,0.98017
186936.0,0.979919
186983.0,0.979668
187031.0,0.979416
187078.0,0.979165
187126.0,0.978914
187173.0,0.978662
187221.0,0.978411
187269.0,0.97816
187316.0,0.977817
187364.0,0.977314
187411.0,0.976812
187459.0,0.976309
187506.0,0.975807
187554.0,0.975304
187602.0,0.974801
187649.0,0.974299
187697.0,0.973796
187744.0,0.973294
187792.0,0.972791
187839.0,0.972288
187887.0,0.972
187935.0,0.972
187982.0,0.972
188030.0,0.972
188077.0,0.972
188125.0,0.972
188173.0,0.972
188220.0,0.972
188268.0,0.972
188315.0,0.972
188363.0,0.972
188410.0,0.972
188458.0,0.971843
188506.0,0.971508
188553.0,0.971173
188601.0,0.970838
188648.0,0.970503
188696.0,0.970168
188743.0,0.969833
188791.0,0.969498
188839.0,0.969163
188886.0,0.968828
188934.0,0.968492
188981.0,0.968157
189029.0,0.967911
189077.0,0.967743
189124.0,0.967576
189172.0,0.967408
189219.0,0.967241
189267.0,0.967073
189314.0,0.966906
189362.0,0.966738
189410.0,0.966571
189457.0,0.966403
189505.0,0.966236
189552.0,0.966068
189600.0,0.966
189647.0,0.966
189695.0,0.966
189743.0,0.966
189790.0,0.966
189838.0,0.966
189885.0,0.966
189933.0,0.966
189981.0,0.966
190028.0,0.966
190076.0,0.966
190123.0,0.966
190171.0,0.966109
190218.0,0.966277
190266.0,0.966444
190314.0,0.966611
190361.0,0.966778
190409.0,0.966946
190456.0,0.967113
190504.0,0.96728
190551.0,0.967447
190599.0,0.967615
190647.0,0.967782
190694.0,0.967949
190742.0,0.968408
190789.0,0.968994
190837.0,0.969581
190884.0,0.970167
190932.0,0.970754
190980.0,0.97134
191027.0,0.971926
191075.0,0.972513
191122.0,0.973099
191170.0,0.973686
191218.0,0.974272
191265.0,0.974858
191313.0,0.975445
191360.0,0.976031
191408.0,0.976617
191455.0,0.977204
191503.0,0.97779
191551.0,0.978377
191598.0,0.978963
191646.0,0.979549
191693.0,0.980136
191741.0,0.980722
191788.0,0.981308
191836.0,0.981895
191884.0,0.982275
191931.0,0.98261
191979.0,0.982945
192026.0,0.98328
192074.0,0.983615
192122.0,0.98395
192169.0,0.984285
192217.0,0.98462
192264.0,0.984956
192312.0,0.985291
192359.0,0.985626
192407.0,0.985961
192455.0,0.986739
192502.0,0.987575
192550.0,0.988411
192597.0,0.989247
192645.0,0.990083
192692.0,0.99092
192740.0,0.991756
192788.0,0.992592
192835.0,0.993428
192883.0,0.994264
192930.0,0.995101
192978.0,0.995937
193025.0,0.996669
193073.0,0.997393
193121.0,0.998117
193168.0,0.99884
193216.0,0.999564
193263.0,1.00028
193311.0,1.00101
193359.0,1.00173
193406.0,1.00246
193454.0,1.00318
193501.0,1.0039
193549.0,1.00463
193596.0,1.00514
193644.0,1.00565
193692.0,1.00616
193739.0,1.00667
193787.0,1.00718
193834.0,1.00769
193882.0,1.00821
193929.0,1.00872
193977.0,1.00923
194025.0,1.00974
194072.0,1.01025
194120.0,1.01074
194167.0,1.01074
194215.0,1.01074
194263.0,1.01074
194310.0,1.01074
194358.0,1.01074
194405.0,1.01074
194453.0,1.01074
194500.0,1.01074
194548.0,1.01074
194596.0,1.01074
194643.0,1.01074
194691.0,1.01077
194738.0,1.01108
194786.0,1.01138
194833.0,1.01169
194881.0,1.01199
194929.0,1.0123
194976.0,1.01261
195024.0,1.01291
195071.0,1.01322
195119.0,1.01352
195167.0,1.01383
195214.0,1.01414
195262.0,1.01447
195309.0,1.01493
195357.0,1.01539
195404.0,1.01585
195452.0,1.01631
195500.0,1.01677
195547.0,1.01723
195595.0,1.01769
195642.0,1.01815
195690.0,1.01861
195737.0,1.01907
195785.0,1.01953
195833.0,1.01986
195880.0,1.01971
195928.0,1.01956
195975.0,1.0194
196023.0,1.01925
196071.0,1.0191
196118.0,1.01894
196166.0,1.01879
196213.0,1.01864
196261.0,1.01848
196308.0,1.01833
196356.0,1.01818
196404.0,1.01804
196451.0,1.01793
196499.0,1.01783
196546.0,1.01773
196594.0,1.01763
196641.0,1.01753
196689.0,1.01742
196737.0,1.01732
196784.0,1.01722
196832.0,1.01712
196879.0,1.01702
196927.0,1.01691
196974.0,1.01683
197022.0,1.01678
197070.0,1.01673
197117.0,1.01668
197165.0,1.01662
197212.0,1.01657
197260.0,1.01652
197308.0,1.01647
197355.0,1.01642
197403.0,1.01637
197450.0,1.01632
197498.0,1.01627
197545.0,1.01616
197593.0,1.01595
197641.0,1.01575
197688.0,1.01554
197736.0,1.01534
197783.0,1.01513
197831.0,1.01493
197878.0,1.01472
197926.0,1.01452
197974.0,1.01431
198021.0,1.0141
198069.0,1.0139
198116.0,1.01365
198164.0,1.01334
198212.0,1.01304
198259.0,1.01273
198307.0,1.01242
198354.0,1.01212
198402.0,1.01181
198449.0,1.0115
198497.0,1.0112
198545.0,1.01089
198592.0,1.01058
198640.0,1.01028
198687.0,1.01007
198735.0,1.00997
198782.0,1.00987
198830.0,1.00977
198878.0,1.00967
198925.0,1.00956
198973.0,1.00946
199020.0,1.00936
199068.0,1.00926
199116.0,1.00915
199163.0,1.00905
199211.0,1.00895
199258.0,1.00853
199306.0,1.00786
199353.0,1.0072
199401.0,1.00654
199449.0,1.00588
199496.0,1.00521
199544.0,1.00455
199591.0,1.00389
199639.0,1.00322
199686.0,1.00256
199734.0,1.0019
199782.0,1.00123
199829.0,1.00067
199877.0,1.00017
199924.0,0.999672
199972.0,0.999171
200019.0,0.99867
200067.0,0.998169
200115.0,0.997668
200162.0,0.997167
200210.0,0.996666
200257.0,0.996165
200305.0,0.995664
200353.0,0.995163
200400.0,0.99483
200448.0,0.994579
200495.0,0.994328
200543.0,0.994077
200590.0,0.993825
200638.0,0.993574
200686.0,0.993323
200733.0,0.993071
200781.0,0.99282
200828.0,0.992569
200876.0,0.992317
200923.0,0.992066
200971.0,0.992061
201019.0,0.992145
201066.0,0.992229
201114.0,0.992313
201161.0,0.992397
201209.0,0.99248
201257.0,0.992564
201304.0,0.992648
201352.0,0.992732
201399.0,0.992815
201447.0,0.992899
201494.0,0.992983
201542.0,0.992399
201590.0,0.991646
201637.0,0.990894
201685.0,0.990141
201732.0,0.989388
201780.0,0.988636
201827.0,0.987883
201875.0,0.987131
201923.0,0.986378
201970.0,0.985625
202018.0,0.984873
202065.0,0.98412
202113.0,0.983718
202161.0,0.983383
202208.0,0.983048
202256.0,0.982713
202303.0,0.982378
202351.0,0.982043
202398.0,0.981708
202446.0,0.981373
202494.0,0.981038
202541.0,0.980703
202589.0,0.980367
202636.0,0.980032
202684.0,0.979622
202731.0,0.979203
202779.0,0.978784
202827.0,0.978365
202874.0,0.977946
202922.0,0.977528
202969.0,0.977109
203017.0,0.97669
203064.0,0.976271
203112.0,0.975852
203160.0,0.975433
203207.0,0.975014
203255.0,0.975081
203302.0,0.975164
203350.0,0.975248
203398.0,0.975331
203445.0,0.975415
203493.0,0.975499
203540.0,0.975582
203588.0,0.975666
203635.0,0.975749
203683.0,0.975833
203731.0,0.975917
203778.0,0.975999
203826.0,0.975831
203873.0,0.975664
203921.0,0.975496
203968.0,0.975329
204016.0,0.975161
204064.0,0.974993
204111.0,0.974826
204159.0,0.974658
204206.0,0.974491
204254.0,0.974323
204302.0,0.974156
204349.0,0.973994
204397.0,0.97391
204444.0,0.973826
204492.0,0.973743
204539.0,0.973659
204587.0,0.973575
204635.0,0.973491
204682.0,0.973408
204730.0,0.973324
204777.0,0.97324
204825.0,0.973156
204872.0,0.973073
204920.0,0.973022
204968.0,0.973189
205015.0,0.973357
205063.0,0.973524
205110.0,0.973692
205158.0,0.973859
205205.0,0.974027
205253.0,0.974195
205301.0,0.974362
205348.0,0.97453
205396.0,0.974697
205443.0,0.974865
205491.0,0.975016
205539.0,0.9751
205586.0,0.975183
205634.0,0.975267
205681.0,0.97535
205729.0,0.975434
205776.0,0.975518
205824.0,0.975601
205872.0,0.975685
205919.0,0.975769
205967.0,0.975852
206014.0,0.975936
206062.0,0.976039
206109.0,0.976207
206157.0,0.976374
206205.0,0.976542
206252.0,0.976709
206300.0,0.976877
206347.0,0.977044
206395.0,0.977212
206443.0,0.977379
206490.0,0.977547
206538.0,0.977715
206585.0,0.977882
206633.0,0.978
206680.0,0.978
206728.0,0.978
206776.0,0.978
206823.0,0.978
206871.0,0.978
206918.0,0.978
206966.0,0.978
207013.0,0.978
207061.0,0.978
207109.0,0.978
207156.0,0.978
207204.0,0.97806
207251.0,0.978228
207299.0,0.978395
207347.0,0.978563
207394.0,0.97873
207442.0,0.978898
207489.0,0.979065
207537.0,0.979233
207584.0,0.9794
207632.0,0.979568
207680.0,0.979735
207727.0,0.979903
207775.0,0.979964
207822.0,0.979881
207870.0,0.979797
207917.0,0.979714
207965.0,0.97963
208013.0,0.979546
208060.0,0.979463
208108.0,0.979379
208155.0,0.979295
208203.0,0.979212
208250.0,0.979128
208298.0,0.979045
208346.0,0.979039
208393.0,0.979122
208441.0,0.979206
208488.0,0.97929
208536.0,0.979374
208584.0,0.979457
208631.0,0.979541
208679.0,0.979625
208726.0,0.979709
208774.0,0.979793
208821.0,0.979876
208869.0,0.97996
208917.0,0.98022
208964.0,0.980639
209012.0,0.981058
209059.0,0.981477
209107.0,0.981896
209154.0,0.982315
209202.0,0.982733
209250.0,0.983152
209297.0,0.983571
209345.0,0.98399
209392.0,0.984409
209440.0,0.984828
209488.0,0.985049
209535.0,0.985133
209583.0,0.985217
209630.0,0.9853
209678.0,0.985384
209725.0,0.985468
209773.0,0.985552
209821.0,0.985636
209868.0,0.985719
209916.0,0.985803
209963.0,0.985887
210011.0,0.985971
210058.0,0.985891
210106.0,0.985724
210154.0,0.985556
210201.0,0.985389
210249.0,0.985222
210296.0,0.985055
210344.0,0.984887
210392.0,0.98472
210439.0,0.984553
210487.0,0.984386
210534.0,0.984218
210582.0,0.984051
210629.0,0.984
210677.0,0.984
210725.0,0.984
210772.0,0.984
210820.0,0.984
210867.0,0.984
210915.0,0.984
210962.0,0.984
211010.0,0.984
211058.0,0.984
211105.0,0.984
211153.0,0.984
211200.0,0.984316
211248.0,0.984735
211296.0,0.985154
211343.0,0.985573
211391.0,0.985991
211438.0,0.98641
211486.0,0.986829
211533.0,0.987248
211581.0,0.987667
211629.0,0.988086
211676.0,0.988504
211724.0,0.988923
211771.0,0.989137
211819.0,0.989304
211866.0,0.989472
211914.0,0.989639
211962.0,0.989807
212009.0,0.989974
212057.0,0.990142
212104.0,0.99031
212152.0,0.990477
212199.0,0.990645
212247.0,0.990812
212295.0,0.99098
212342.0,0.990632
212390.0,0.990214
212437.0,0.989796
212485.0,0.989377
212533.0,0.988959
212580.0,0.988541
212628.0,0.988123
212675.0,0.987705
212723.0,0.987287
212770.0,0.986869
212818.0,0.986451
212866.0,0.986033
212913.0,0.985691
212961.0,0.985356
213008.0,0.985021
213056.0,0.984686
213103.0,0.984351
213151.0,0.984016
213199.0,0.983681
213246.0,0.983345
213294.0,0.98301
213341.0,0.982675
213389.0,0.98234
213437.0,0.982005
213484.0,0.982165
213532.0,0.982332
213579.0,0.9825
213627.0,0.982667
213674.0,0.982835
213722.0,0.983002
213770.0,0.98317
213817.0,0.983337
213865.0,0.983505
213912.0,0.983673
213960.0,0.98384
214007.0,0.984019
214055.0,0.984438
214103.0,0.984857
214150.0,0.985276
214198.0,0.985695
214245.0,0.986114
214293.0,0.986532
214340.0,0.986951
214388.0,0.98737
214436.0,0.987789
214483.0,0.988208
214531.0,0.988626
214578.0,0.989018
214626.0,0.989185
214674.0,0.989352
214721.0,0.98952
214769.0,0.989687
214816.0,0.989854
214864.0,0.990021
214911.0,0.990189
214959.0,0.990356
215007.0,0.990523
215054.0,0.99069
215102.0,0.990858
215149.0,0.990975
215197.0,0.990807
215244.0,0.990639
215292.0,0.990472
215340.0,0.990304
215387.0,0.990137
215435.0,0.989969
215482.0,0.989802
215530.0,0.989634
215578.0,0.989467
215625.0,0.989299
215673.0,0.989132
215720.0,0.989053
215768.0,0.989305
215815.0,0.989556
215863.0,0.989807
215911.0,0.990058
215958.0,0.99031
216006.0,0.990561
216053.0,0.990812
216101.0,0.991064
216148.0,0.991315
216196.0,0.991566
216244.0,0.991818
216291.0,0.992069
216339.0,0.99232
216386.0,0.992571
216434.0,0.992821
216482.0,0.993072
216529.0,0.993323
216577.0,0.993574
216624.0,0.993825
216672.0,0.994076
216719.0,0.994327
216767.0,0.994578
216815.0,0.994828
216862.0,0.995
216910.0,0.995
216957.0,0.995
217005.0,0.995
217052.0,0.995
217100.0,0.995
217148.0,0.995
217195.0,0.995
217243.0,0.995
217290.0,0.995
217338.0,0.995
217385.0,0.995
217433.0,0.994936
217481.0,0.994769
217528.0,0.994601
217576.0,0.994434
217623.0,0.994266
217671.0,0.994099
217719.0,0.993931
217766.0,0.993764
217814.0,0.993596
217861.0,0.993428
217909.0,0.993261
217956.0,0.993093
218004.0,0.993037
218052.0,0.993121
218099.0,0.993204
218147.0,0.993288
218194.0,0.993372
218242.0,0.993456
218289.0,0.993539
218337.0,0.993623
218385.0,0.993707
218432.0,0.993791
218480.0,0.993874
218527.0,0.993958
218575.0,0.993831
218623.0,0.993497
218670.0,0.993162
218718.0,0.992828
218765.0,0.992493
218813.0,0.992159
218860.0,0.991824
218908.0,0.99149
218956.0,0.991155
219003.0,0.990821
219051.0,0.990486
219098.0,0.990152
219146.0,0.989726
219193.0,0.989223
219241.0,0.98872
219289.0,0.988218
219336.0,0.987715
219384.0,0.987212
219431.0,0.98671
219479.0,0.986207
219527.0,0.985705
219574.0,0.985202
219622.0,0.984699
219669.0,0.984197
219717.0,0.983796
219764.0,0.983461
219812.0,0.983126
219860.0,0.982791
219907.0,0.982456
219955.0,0.982121
220002.0,0.981786
220050.0,0.981451
220097.0,0.981115
220145.0,0.98078
220193.0,0.980445
220240.0,0.98011
220288.0,0.979101
220335.0,0.977761
220383.0,0.97642
220430.0,0.97508
220478.0,0.97374
220526.0,0.972399
220573.0,0.971059
220621.0,0.969719
220668.0,0.968379
220716.0,0.967038
220764.0,0.965698
220811.0,0.964358
220859.0,0.963816
220906.0,0.963565
220954.0,0.963314
221001.0,0.963063
221049.0,0.962812
221097.0,0.962562
221144.0,0.962311
221192.0,0.96206
221239.0,0.961809
221287.0,0.961558
221334.0,0.961307
221382.0,0.961056
221430.0,0.960546
221477.0,0.959959
221525.0,0.959373
221572.0,0.958786
221620.0,0.9582
221668.0,0.957614
221715.0,0.957027
221763.0,0.956441
221810.0,0.955855
221858.0,0.955268
221905.0,0.954682
221953.0,0.954095
222001.0,0.953509
222048.0,0.952923
222096.0,0.952336
222143.0,0.95175
222191.0,0.951163
222238.0,0.950577
222286.0,0.949991
222334.0,0.949404
222381.0,0.948818
222429.0,0.948232
222476.0,0.947645
222524.0,0.947059
222572.0,0.946548
222619.0,0.946045
222667.0,0.945543
222714.0,0.94504
222762.0,0.944537
222809.0,0.944035
222857.0,0.943532
222905.0,0.943029
222952.0,0.942527
223000.0,0.942024
223047.0,0.941522
223095.0,0.941019
223142.0,0.941
223190.0,0.941
223238.0,0.941
223285.0,0.941
223333.0,0.941
223380.0,0.941
223428.0,0.941
223476.0,0.941
223523.0,0.941
223571.0,0.941
223618.0,0.941
223666.0,0.941
223713.0,0.941
223761.0,0.941
223809.0,0.941
223856.0,0.941
223904.0,0.941
223951.0,0.941
223999.0,0.941
224046.0,0.941
224094.0,0.941
224142.0,0.941
224189.0,0.941
224237.0,0.940989
224284.0,0.940821
224332.0,0.940654
224379.0,0.940486
224427.0,0.940319
224475.0,0.940151
224522.0,0.939984
224570.0,0.939816
224617.0,0.939648
224665.0,0.939481
224713.0,0.939313
224760.0,0.939146
224808.0,0.939021
224855.0,0.939189
224903.0,0.939356
224950.0,0.939524
224998.0,0.939691
225046.0,0.939859
225093.0,0.940026
225141.0,0.940194
225188.0,0.940362
225236.0,0.940529
225283.0,0.940697
225331.0,0.940864
225379.0,0.941127
225426.0,0.941796
225474.0,0.942465
225521.0,0.943134
225569.0,0.943803
225617.0,0.944472
225664.0,0.945141
225712.0,0.94581
225759.0,0.946479
225807.0,0.947148
225854.0,0.947817
225902.0,0.948486
225950.0,0.949058
225997.0,0.949309
226045.0,0.949561
226092.0,0.949812
226140.0,0.950063
226187.0,0.950315
226235.0,0.950566
226283.0,0.950817
226330.0,0.951069
226378.0,0.95132
226425.0,0.951571
226473.0,0.951822
226520.0,0.952
226568.0,0.952
226616.0,0.952
226663.0,0.952
226711.0,0.952
226758.0,0.952
226806.0,0.952
226854.0,0.952
226901.0,0.952
226949.0,0.952
226996.0,0.952
227044.0,0.952
227091.0,0.95203
227139.0,0.952113
227187.0,0.952197
227234.0,0.952281
227282.0,0.952365
227329.0,0.952448
227377.0,0.952532
227424.0,0.952616
227472.0,0.9527
227520.0,0.952784
227567.0,0.952867
227615.0,0.952951
227662.0,0.952894
227710.0,0.952644
227758.0,0.952393
227805.0,0.952142
227853.0,0.951891
227900.0,0.95164
227948.0,0.951389
227995.0,0.951139
228043.0,0.950888
228091.0,0.950637
228138.0,0.950386
228186.0,0.950135
228233.0,0.949845
228281.0,0.94951
228328.0,0.949175
228376.0,0.94884
228424.0,0.948505
228471.0,0.94817
228519.0,0.947835
228566.0,0.9475
228614.0,0.947165
228662.0,0.94683
228709.0,0.946495
228757.0,0.946159
228804.0,0.945824
228852.0,0.945489
228899.0,0.945154
228947.0,0.944819
228995.0,0.944484
229042.0,0.944149
229090.0,0.943814
229137.0,0.943479
229185.0,0.943144
229232.0,0.942809
229280.0,0.942474
229328.0,0.942139
229375.0,0.941951
229423.0,0.941867
229470.0,0.941783
229518.0,0.941699
229566.0,0.941616
229613.0,0.941532
229661.0,0.941448
229708.0,0.941364
229756.0,0.941281
229803.0,0.941197
229851.0,0.941113
229899.0,0.941029
229946.0,0.941
229994.0,0.941
230041.0,0.941
230089.0,0.941
230136.0,0.941
230184.0,0.941
230232.0,0.941
230279.0,0.941
230327.0,0.941
230374.0,0.941
230422.0,0.941
230469.0,0.941
230517.0,0.941404
230565.0,0.941991
230612.0,0.942577
230660.0,0.943163
230707.0,0.94375
230755.0,0.944336
230803.0,0.944923
230850.0,0.945509
230898.0,0.946095
230945.0,0.946682
230993.0,0.947268
231040.0,0.947854
231088.0,0.948567
231136.0,0.949321
231183.0,0.950075
231231.0,0.950829
231278.0,0.951583
231326.0,0.952336
231373.0,0.95309
231421.0,0.953844
231469.0,0.954598
231516.0,0.955352
231564.0,0.956106
231611.0,0.95686
231659.0,0.957204
231707.0,0.957455
231754.0,0.957706
231802.0,0.957957
231849.0,0.958208
231897.0,0.958458
231944.0,0.958709
231992.0,0.95896
232040.0,0.959211
232087.0,0.959462
232135.0,0.959713
232182.0,0.959964
232230.0,0.96043
232277.0,0.960933
232325.0,0.961435
232373.0,0.961938
232420.0,0.96244
232468.0,0.962943
232515.0,0.963446
232563.0,0.963948
232610.0,0.964451
232658.0,0.964954
232706.0,0.965456
232753.0,0.965959
232801.0,0.966077
232848.0,0.966161
232896.0,0.966244
232944.0,0.966328
232991.0,0.966412
233039.0,0.966496
233086.0,0.966579
233134.0,0.966663
233181.0,0.966747
233229.0,0.966831
233277.0,0.966914
233324.0,0.966998
233372.0,0.967246
233419.0,0.967498
233467.0,0.967749
233514.0,0.968
233562.0,0.968251
233610.0,0.968503
233657.0,0.968754
233705.0,0.969005
233752.0,0.969257
233800.0,0.969508
233848.0,0.969759
233895.0,0.969993
233943.0,0.969825
233990.0,0.969658
234038.0,0.969491
234085.0,0.969324
234133.0,0.969156
234181.0,0.968989
234228.0,0.968822
234276.0,0.968655
234323.0,0.968487
234371.0,0.96832
234418.0,0.968153
234466.0,0.967957
234514.0,0.967455
234561.0,0.966952
234609.0,0.966449
234656.0,0.965947
234704.0,0.965444
234752.0,0.964941
234799.0,0.964439
234847.0,0.963936
234894.0,0.963434
234942.0,0.962931
234989.0,0.962428
235037.0,0.962
235085.0,0.962
235132.0,0.962
235180.0,0.962
235227.0,0.962
235275.0,0.962
235322.0,0.962
235370.0,0.962
235418.0,0.962
235465.0,0.962
235513.0,0.962
235560.0,0.962
235608.0,0.961982
235655.0,0.961898
235703.0,0.961815
235751.0,0.961731
235798.0,0.961647
235846.0,0.961563
235893.0,0.96148
235941.0,0.961396
235989.0,0.961312
236036.0,0.961228
236084.0,0.961145
236131.0,0.961061
236179.0,0.960977
236226.0,0.960893
236274.0,0.96081
236322.0,0.960726
236369.0,0.960643
236417.0,0.960559
236464.0,0.960475
236512.0,0.960392
236559.0,0.960308
236607.0,0.960224
236655.0,0.960141
236702.0,0.960057
236750.0,0.959947
236797.0,0.95978
236845.0,0.959612
236893.0,0.959445
236940.0,0.959277
236988.0,0.95911
237035.0,0.958942
237083.0,0.958774
237130.0,0.958607
237178.0,0.958439
237226.0,0.958272
237273.0,0.958104
237321.0,0.957748
237368.0,0.957078
237416.0,0.956408
237463.0,0.955737
237511.0,0.955067
237559.0,0.954397
237606.0,0.953727
237654.0,0.953057
237701.0,0.952387
237749.0,0.951716
237797.0,0.951046
237844.0,0.950376
237892.0,0.949779
237939.0,0.949277
237987.0,0.948774
238034.0,0.948272
238082.0,0.947769
238130.0,0.947266
238177.0,0.946764
238225.0,0.946261
238272.0,0.945758
238320.0,0.945256
238367.0,0.944753
238415.0,0.944251
238463.0,0.943665
238510.0,0.942996
238558.0,0.942327
238605.0,0.941658
238653.0,0.940989
238700.0,0.94032
238748.0,0.939651
238796.0,0.938982
238843.0,0.938313
238891.0,0.937644
238938.0,0.936975
238986.0,0.936306
239034.0,0.935545
239081.0,0.934708
239129.0,0.93387
239176.0,0.933032
239224.0,0.932195
239271.0,0.931357
239319.0,0.930519
239367.0,0.929682
239414.0,0.928844
239462.0,0.928006
239509.0,0.927168
239557.0,0.926331
239604.0,0.925544
239652.0,0.92479
239700.0,0.924036
239747.0,0.923282
239795.0,0.922528
239842.0,0.921774
239890.0,0.92102
239938.0,0.920266
239985.0,0.919512
240033.0,0.918758
240080.0,0.918004
240128.0,0.917251
240175.0,0.916944
240223.0,0.91686
240271.0,0.916776
240318.0,0.916693
240366.0,0.916609
240413.0,0.916525
240461.0,0.916441
240508.0,0.916357
240556.0,0.916274
240604.0,0.91619
240651.0,0.916106
240699.0,0.916022
240746.0,0.915756
240794.0,0.915421
240842.0,0.915087
240889.0,0.914752
240937.0,0.914418
240984.0,0.914083
241032.0,0.913749
241079.0,0.913414
241127.0,0.91308
241175.0,0.912745
241222.0,0.912411
241270.0,0.912076
241317.0,0.911806
241365.0,0.911555
241412.0,0.911303
241460.0,0.911052
241508.0,0.910801
241555.0,0.910549
241603.0,0.910298
241650.0,0.910047
241698.0,0.909795
241745.0,0.909544
241793.0,0.909293
241841.0,0.909041
241888.0,0.90907
241936.0,0.909153
241983.0,0.909237
242031.0,0.909321
242079.0,0.909405
242126.0,0.909488
242174.0,0.909572
242221.0,0.909656
242269.0,0.90974
242316.0,0.909823
242364.0,0.909907
242412.0,0.909991
242459.0,0.909925
242507.0,0.909841
242554.0,0.909757
242602.0,0.909673
242649.0,0.90959
242697.0,0.909506
242745.0,0.909422
242792.0,0.909338
242840.0,0.909255
242887.0,0.909171
242935.0,0.909087
242983.0,0.909003
243030.0,0.909
243078.0,0.909
243125.0,0.909
243173.0,0.909
243220.0,0.909
243268.0,0.909
243316.0,0.909
243363.0,0.909
243411.0,0.909
243458.0,0.909
243506.0,0.909
243553.0,0.909
